Workbook

Sheet SFigure7
A1: cc-pVTZ cart no frzn core
A2: EPT@HF vs EXP | F2: EPT@B3LYP vs EXP | K2: EPT@LDA vs EXP | P2: EPT@revPBE vs EXP
A3: SGN AVE | B3: 0.81505838 | C3: -0.40033347 | D3: 0.20197292 | E3: 0.093619103 | F3: SGN AVE | G3: 0.65645266 | H3: -0.52969631 | I3: 0.18587999 | J3: 0.048190847 | K3: SGN AVE | L3: 0.67636003 | M3: -0.37134439 | N3: 0.30550569 | O3: 0.18344779 | P3: SGN AVE | Q3: 0.56743985 | R3: -0.41384046 | S3: 0.20795256 | T3: 0.10132278
A4: MAE | B4: 0.97055894 | C4: 0.65086511 | D4: 0.40966705 | E4: 0.37898003 | F4: MAE | G4: 0.93382819 | H4: 0.71076902 | I4: 0.43231221 | J4: 0.39869203 | K4: MAE | L4: 0.95972676 | M4: 0.63962217 | N4: 0.50242383 | O4: 0.44565759 | P4: MAE | Q4: 0.87394813 | R4: 0.62797829 | S4: 0.4654048 | T4: 0.45006375
A5: RMSD | B5: 1.1436705 | C5: 0.85700097 | D5: 0.5126072 | E5: 0.47377765 | F5: RMSD | G5: 1.0835575 | H5: 0.91084471 | I5: 0.59007013 | J5: 0.50150492 | K5: RMSD | L5: 1.1354608 | M5: 0.81056308 | N5: 0.6905944 | O5: 0.61013778 | P5: RMSD | Q5: 1.0520357 | R5: 0.81899513 | S5: 0.63240792 | T5: 0.576111
B6: KT | C6: D2 | D6: P3 | E6: P3+ | G6: semi KT | H6: semi D2 | I6: semi P3 | J6: semi P3+ | L6: semi KT | M6: semi D2 | N6: semi P3 | O6: semi P3+ | Q6: semi KT | R6: semi D2 | S6: semi P3 | T6: semi P3+
B8: AVE PS | C8: 0.8997209 | D8: 0.91888319 | E8: 0.9137786 | G8: AVE PS | H8: 0.89309644 | I8: 0.9187364 | J8: 0.91280255 | L8: AVE PS | M8: 0.89381805 | N8: 0.91567277 | O8: 0.91083498 | Q8: AVE PS | R8: 0.89518202 | S8: 0.91477522 | T8: 0.91079607
A10: EPT@HF vs BD-T1 | F10: EPT@B3LYP vs BD-T1 | K10: EPT@LDA vs BD-T1 | P10: EPT@revPBE vs BD-T1
A11: SGN AVE | B11: 0.77948262 | C11: -0.43590923 | D11: 0.16639717 | E11: 0.058043346 | F11: SGN AVE | G11: 0.6208769 | H11: -0.56527206 | I11: 0.15030423 | J11: 0.01261509 | K11: SGN AVE | L11: 0.64078427 | M11: -0.40692015 | N11: 0.26992993 | O11: 0.14787204 | P11: SGN AVE | Q11: 0.53186409 | R11: -0.44941621 | S11: 0.1723768 | T11: 0.065747025
A12: MAE | B12: 0.91489329 | C12: 0.45382403 | D12: 0.27458613 | E12: 0.21016025 | F12: MAE | G12: 0.86157139 | H12: 0.57001612 | I12: 0.35417956 | J12: 0.26621929 | K12: MAE | L12: 0.87719703 | M12: 0.51447616 | N12: 0.44519013 | O12: 0.34793107 | P12: MAE | Q12: 0.79372603 | R12: 0.52329248 | S12: 0.40207783 | T12: 0.3350455
A13: RMSD | B13: 1.1428343 | C13: 0.65278257 | D13: 0.40097449 | E13: 0.2922056 | F13: RMSD | G13: 1.0718078 | H13: 0.71764687 | I13: 0.51952247 | J13: 0.35608227 | K13: RMSD | L13: 1.118803 | M13: 0.62354713 | N13: 0.64827198 | O13: 0.52679086 | P13: RMSD | Q13: 1.0237374 | R13: 0.64320448 | S13: 0.57764117 | T13: 0.48383253
B14: KT | C14: D2 | D14: P3 | E14: P3+ | G14: semi KT | H14: semi D2 | I14: semi P3 | J14: semi P3+ | L14: semi KT | M14: semi D2 | N14: semi P3 | O14: semi P3+ | Q14: semi KT | R14: semi D2 | S14: semi P3 | T14: semi P3+
F15: Diff | G15: =G12-B12 -> -0.053321903 | H15: =H12-C12 -> 0.11619209 | I15: =I12-D12 -> 0.079593425 | J15: =J12-E12 -> 0.056059036 | K15: Diff | L15: =B12-L12 -> 0.037696264 | M15: =C12-M12 -> -0.06065213 | N15: =D12-N12 -> -0.17060399 | O15: =E12-O12 -> -0.13777082 | P15: Diff | Q15: =B12-Q12 -> 0.12116726 | R15: =C12-R12 -> -0.069468456 | S15: =D12-S12 -> -0.1274917 | T15: =E12-T12 -> -0.12488525
B16: AVE PS | C16: 0.8997209 | D16: 0.91888319 | E16: 0.9137786 | G16: AVE PS | H16: 0.89309644 | I16: 0.9187364 | J16: 0.91280255 | L16: AVE PS | M16: 0.89381805 | N16: 0.91567277 | O16: 0.91083498 | Q16: AVE PS | R16: 0.89518202 | S16: 0.91477522 | T16: 0.91079607

Sheet STable7
B2: BeO
B3: orb | C3: kt | D3: d2 | E3: kt | F3: d2 | G3: ps | H3: l3 | I3: l3 | J3: ps | K3: exp | L3: sgn err kt | M3: sgn err d2 | N3: sgn err l3 | O3: BD-T1 | P3: sgn err kt | Q3: sgn err d2 | R3: sgn err l3 | S3: abs kt-BDT1 | T3: abs d2-BDT1 | U3: abs l3-BDT1
A4: HF | B4: σ | C4: -0.065776979 | D4: -0.084902729 | E4: =C4*27.2114 -> -1.7898837 | F4: =D4*27.2114 -> -2.3103221 | G4: 0.97199517 | H4: -0.079668239 | I4: =H4*27.2114 -> -2.1678843 | J4: 0.97433954 | K4: 2.337 | L4: =-E4-K4 -> -0.5471163 | M4: =-F4-K4 -> -0.026677885 | N4: =-I4-K4 -> -0.16911569 | O4: 2.036 | P4: =-E4-O4 -> -0.2461163 | Q4: =-F4-O4 -> 0.27432211 | R4: =-I4-O4 -> 0.13188431 | S4: =ABS(P4) -> 0.2461163 | T4: =ABS(Q4) -> 0.27432211 | U4: =ABS(R4) -> 0.13188431
A5: B3LYP | B5: σ | C5: -0.056240886 | D5: -0.072400042 | E5: =C5*27.2114 -> -1.5303933 | F5: =D5*27.2114 -> -1.9701065 | G5: 0.96442798 | H5: -0.06849908 | I5: =H5*27.2114 -> -1.8639559 | J5: 0.97069883 | K5: 2.337 | L5: =-E5-K5 -> -0.80660674 | M5: =-F5-K5 -> -0.3668935 | N5: =-I5-K5 -> -0.47304415 | O5: 2.036 | P5: =-E5-O5 -> -0.50560674 | Q5: =-F5-O5 -> -0.065893497 | R5: =-I5-O5 -> -0.17204415 | S5: =ABS(P5) -> 0.50560674 | T5: =ABS(Q5) -> 0.065893497 | U5: =ABS(R5) -> 0.17204415
A6: LDA | B6: σ | C6: -0.055268373 | D6: -0.070329409 | E6: =C6*27.2114 -> -1.5039298 | F6: =D6*27.2114 -> -1.9137617 | G6: 0.9626049 | H6: -0.067333248 | I6: =H6*27.2114 -> -1.8322319 | J6: 0.96995082 | K6: 2.337 | L6: =-E6-K6 -> -0.8330702 | M6: =-F6-K6 -> -0.42323831 | N6: =-I6-K6 -> -0.50476807 | O6: 2.036 | P6: =-E6-O6 -> -0.5320702 | Q6: =-F6-O6 -> -0.12223831 | R6: =-I6-O6 -> -0.20376807 | S6: =ABS(P6) -> 0.5320702 | T6: =ABS(Q6) -> 0.12223831 | U6: =ABS(R6) -> 0.20376807
A7: revPBE | B7: σ | C7: -0.054622519 | D7: -0.068535057 | E7: =C7*27.2114 -> -1.4863552 | F7: =D7*27.2114 -> -1.8649349 | G7: 0.96103782 | H7: -0.066371916 | I7: =H7*27.2114 -> -1.8060728 | J7: 0.9689406 | K7: 2.337 | L7: =-E7-K7 -> -0.85064478 | M7: =-F7-K7 -> -0.47206515 | N7: =-I7-K7 -> -0.53092724 | O7: 2.036 | P7: =-E7-O7 -> -0.54964478 | Q7: =-F7-O7 -> -0.17106515 | R7: =-I7-O7 -> -0.22992724 | S7: =ABS(P7) -> 0.54964478 | T7: =ABS(Q7) -> 0.17106515 | U7: =ABS(R7) -> 0.22992724
B9: BN
B10: orb | C10: kt | D10: d2 | E10: kt | F10: d2 | G10: ps | H10: l3 | I10: l3 | J10: ps | K10: exp | L10: sgn err kt | M10: sgn err d2 | N10: sgn err l3 | O10: BD-T1 | P10: sgn err kt | Q10: sgn err d2 | R10: sgn err l3 | S10: abs kt-BDT1 | T10: abs d2-BDT1 | U10: abs l3-BDT1
A11: HF | B11: σ | C11: -0.10874201 | D11: -0.13813492 | E11: =C11*27.2114 -> -2.9590223 | F11: =D11*27.2114 -> -3.7588447 | G11: 0.89355461 | H11: -0.12821572 | I11: =H11*27.2114 -> -3.4889292 | J11: 0.90473082 | K11: 3.16 | L11: =-E11-K11 -> -0.20097772 | M11: =-F11-K11 -> 0.59884466 | N11: =-I11-K11 -> 0.32892915 | O11: 2.657 | P11: =-E11-O11 -> 0.30202228 | Q11: =-F11-O11 -> 1.1018447 | R11: =-I11-O11 -> 0.83192915 | S11: =ABS(P11) -> 0.30202228 | T11: =ABS(Q11) -> 1.1018447 | U11: =ABS(R11) -> 0.83192915
A12: B3LYP | B12: σ | C12: -0.09577691 | D12: -0.11022286 | E12: =C12*27.2114 -> -2.6062238 | F12: =D12*27.2114 -> -2.9993183 | G12: 0.88381162 | H12: -0.10793031 | I12: =H12*27.2114 -> -2.9369348 | J12: 0.89958273 | K12: 3.16 | L12: =-E12-K12 -> -0.5537762 | M12: =-F12-K12 -> -0.16068166 | N12: =-I12-K12 -> -0.22306516 | O12: 2.657 | P12: =-E12-O12 -> -0.050776202 | Q12: =-F12-O12 -> 0.34231834 | R12: =-I12-O12 -> 0.27993484 | S12: =ABS(P12) -> 0.050776202 | T12: =ABS(Q12) -> 0.34231834 | U12: =ABS(R12) -> 0.27993484
A13: LDA | B13: σ | C13: x | D13: x | E13: x | F13: x | G13: x | H13: x | I13: x | J13: x | K13: 3.16 | L13: x | M13: x | N13: x | O13: 2.657 | P13: x | Q13: x | R13: x | S13: x | T13: x | U13: x
A14: revPBE | B14: σ | C14: x | D14: x | E14: x | F14: x | G14: x | H14: x | I14: x | J14: x | K14: 3.16 | L14: x | M14: x | N14: x | O14: 2.657 | P14: x | Q14: x | R14: x | S14: x | T14: x | U14: x
B16: C2
B17: orb | C17: kt | D17: d2 | E17: kt | F17: d2 | G17: ps | H17: l3 | I17: l3 | J17: ps | K17: exp | L17: sgn err kt | M17: sgn err d2 | N17: sgn err l3 | O17: BD-T1 | P17: sgn err kt | Q17: sgn err d2 | R17: sgn err l3 | S17: abs kt-BDT1 | T17: abs d2-BDT1 | U17: abs l3-BDT1
A18: HF | B18: σg | C18: -0.11581494 | D18: -0.14764118 | E18: =C18*27.2114 -> -3.1514867 | F18: =D18*27.2114 -> -4.0175231 | G18: 0.87253987 | H18: -0.13442714 | I18: =H18*27.2114 -> -3.6579507 | J18: 0.86943863 | K18: 3.273 | L18: =-E18-K18 -> -0.12151326 | M18: =-F18-K18 -> 0.74452314 | N18: =-I18-K18 -> 0.38495065 | O18: 2.516 | P18: =-E18-O18 -> 0.63548674 | Q18: =-F18-O18 -> 1.5015231 | R18: =-I18-O18 -> 1.1419507 | S18: =ABS(P18) -> 0.63548674 | T18: =ABS(Q18) -> 1.5015231 | U18: =ABS(R18) -> 1.1419507
A19: B3LYP | B19: σg | C19: -0.10483686 | D19: -0.11952287 | E19: =C19*27.2114 -> -2.8527576 | F19: =D19*27.2114 -> -3.2523847 | G19: 0.86546203 | H19: -0.11223887 | I19: =H19*27.2114 -> -3.0541767 | J19: 0.86646442 | K19: 3.273 | L19: =-E19-K19 -> -0.42024237 | M19: =-F19-K19 -> -0.020615277 | N19: =-I19-K19 -> -0.21882334 | O19: 2.516 | P19: =-E19-O19 -> 0.33675763 | Q19: =-F19-O19 -> 0.73638472 | R19: =-I19-O19 -> 0.53817666 | S19: =ABS(P19) -> 0.33675763 | T19: =ABS(Q19) -> 0.73638472 | U19: =ABS(R19) -> 0.53817666
A20: LDA | B20: σg | C20: x | D20: x | E20: x | F20: x | G20: x | H20: x | I20: x | J20: x | K20: 3.273 | L20: x | M20: x | N20: x | O20: 2.516 | P20: x | Q20: x | R20: x | S20: x | T20: x | U20: x
A21: revPBE | B21: σg | C21: x | D21: x | E21: x | F21: x | G21: x | H21: x | I21: x | J21: x | K21: 3.273 | L21: x | M21: x | N21: x | O21: 2.516 | P21: x | Q21: x | R21: x | S21: x | T21: x | U21: x
B23: Li2
B24: orb | C24: kt | D24: d2 | E24: kt | F24: d2 | G24: ps | H24: l3 | I24: l3 | J24: ps | K24: exp | L24: sgn err kt | M24: sgn err d2 | N24: sgn err l3 | O24: BD-T1 | P24: sgn err kt | Q24: sgn err d2 | R24: sgn err l3 | S24: abs kt-BDT1 | T24: abs d2-BDT1 | U24: abs l3-BDT1
A25: HF | B25: σu | C25: 0.0023941705 | D25: -0.0086865357 | E25: =C25*27.2114 -> 0.065148732 | F25: =D25*27.2114 -> -0.2363728 | G25: 0.96101833 | H25: -0.0094315062 | I25: =H25*27.2114 -> -0.25664449 | J25: 0.94387511 | K25: 0.54 | L25: =-E25-K25 -> -0.60514873 | M25: =-F25-K25 -> -0.3036272 | N25: =-I25-K25 -> -0.28335551 | O25: 0.279 | P25: =-E25-O25 -> -0.34414873 | Q25: =-F25-O25 -> -0.042627202 | R25: =-I25-O25 -> -0.022355513 | S25: =ABS(P25) -> 0.34414873 | T25: =ABS(Q25) -> 0.042627202 | U25: =ABS(R25) -> 0.022355513
A26: B3LYP | B26: σu | C26: 0.003416168 | D26: -0.0070949523 | E26: =C26*27.2114 -> 0.092958714 | F26: =D26*27.2114 -> -0.19306359 | G26: 0.96224915 | H26: -0.0078309488 | I26: =H26*27.2114 -> -0.21309108 | J26: 0.94529401 | K26: 0.54 | L26: =-E26-K26 -> -0.63295871 | M26: =-F26-K26 -> -0.34693641 | N26: =-I26-K26 -> -0.32690892 | O26: 0.279 | P26: =-E26-O26 -> -0.37195871 | Q26: =-F26-O26 -> -0.085936414 | R26: =-I26-O26 -> -0.06590892 | S26: =ABS(P26) -> 0.37195871 | T26: =ABS(Q26) -> 0.085936414 | U26: =ABS(R26) -> 0.06590892
A27: LDA | B27: σu | C27: 0.0030147247 | D27: -0.0078605829 | E27: =C27*27.2114 -> 0.082034879 | F27: =D27*27.2114 -> -0.21389747 | G27: 0.9611263 | H27: -0.0085653747 | I27: =H27*27.2114 -> -0.23307584 | J27: 0.9439539 | K27: 0.54 | L27: =-E27-K27 -> -0.62203488 | M27: =-F27-K27 -> -0.32610253 | N27: =-I27-K27 -> -0.30692416 | O27: 0.279 | P27: =-E27-O27 -> -0.36103488 | Q27: =-F27-O27 -> -0.065102535 | R27: =-I27-O27 -> -0.045924163 | S27: =ABS(P27) -> 0.36103488 | T27: =ABS(Q27) -> 0.065102535 | U27: =ABS(R27) -> 0.045924163
A28: revPBE | B28: σu | C28: 0.0032011625 | D28: -0.0075137694 | E28: =C28*27.2114 -> 0.087108112 | F28: =D28*27.2114 -> -0.20446018 | G28: 0.96153895 | H28: -0.0082154246 | I28: =H28*27.2114 -> -0.22355321 | J28: 0.94450245 | K28: 0.54 | L28: =-E28-K28 -> -0.62710811 | M28: =-F28-K28 -> -0.33553982 | N28: =-I28-K28 -> -0.31644679 | O28: 0.279 | P28: =-E28-O28 -> -0.36610811 | Q28: =-F28-O28 -> -0.074539817 | R28: =-I28-O28 -> -0.055446794 | S28: =ABS(P28) -> 0.36610811 | T28: =ABS(Q28) -> 0.074539817 | U28: =ABS(R28) -> 0.055446794
B30: NaH
B31: orb | C31: kt | D31: d2 | E31: kt | F31: d2 | G31: ps | H31: l3 | I31: l3 | J31: ps | K31: exp | L31: sgn err kt | M31: sgn err d2 | N31: sgn err l3 | O31: BD-T1 | P31: sgn err kt | Q31: sgn err d2 | R31: sgn err l3 | S31: abs kt-BDT1 | T31: abs d2-BDT1 | U31: abs l3-BDT1
A32: HF | B32: σ | C32: -0.0093593996 | D32: -0.012144451 | E32: =C32*27.2114 -> -0.25468237 | F32: =D32*27.2114 -> -0.33046751 | G32: 0.99289682 | H32: -0.012332699 | I32: =H32*27.2114 -> -0.33559 | J32: 0.99027737 | K32: 0.366 | L32: =-E32-K32 -> -0.11131763 | M32: =-F32-K32 -> -0.035532487 | N32: =-I32-K32 -> -0.030410004 | O32: 0.316 | P32: =-E32-O32 -> -0.061317633 | Q32: =-F32-O32 -> 0.014467513 | R32: =-I32-O32 -> 0.019589996 | S32: =ABS(P32) -> 0.061317633 | T32: =ABS(Q32) -> 0.014467513 | U32: =ABS(R32) -> 0.019589996
A33: B3LYP | B33: σ | C33: -0.0064405599 | D33: -0.0095535424 | E33: =C33*27.2114 -> -0.17525665 | F33: =D33*27.2114 -> -0.25996526 | G33: 0.9899993 | H33: -0.0094573279 | I33: =H33*27.2114 -> -0.25734713 | J33: 0.98668601 | K33: 0.366 | L33: =-E33-K33 -> -0.19074335 | M33: =-F33-K33 -> -0.10603474 | N33: =-I33-K33 -> -0.10865287 | O33: 0.316 | P33: =-E33-O33 -> -0.14074335 | Q33: =-F33-O33 -> -0.056034737 | R33: =-I33-O33 -> -0.058652868 | S33: =ABS(P33) -> 0.14074335 | T33: =ABS(Q33) -> 0.056034737 | U33: =ABS(R33) -> 0.058652868
A34: LDA | B34: σ | C34: -0.0061039379 | D34: -0.0094852485 | E34: =C34*27.2114 -> -0.1660967 | F34: =D34*27.2114 -> -0.25810689 | G34: 0.98894798 | H34: -0.0093514521 | I34: =H34*27.2114 -> -0.2544661 | J34: -0.0093514521 | K34: 0.366 | L34: =-E34-K34 -> -0.1999033 | M34: =-F34-K34 -> -0.10789311 | N34: =-I34-K34 -> -0.1115339 | O34: 0.316 | P34: =-E34-O34 -> -0.1499033 | Q34: =-F34-O34 -> -0.057893109 | R34: =-I34-O34 -> -0.061533897 | S34: =ABS(P34) -> 0.1499033 | T34: =ABS(Q34) -> 0.057893109 | U34: =ABS(R34) -> 0.061533897
A35: revPBE | B35: σ | C35: -0.0063925682 | D35: -0.0095905516 | E35: =C35*27.2114 -> -0.17395073 | F35: =D35*27.2114 -> -0.26097234 | G35: 0.98896421 | H35: -0.0094393572 | I35: =H35*27.2114 -> -0.25685812 | J35: 0.98531982 | K35: 0.366 | L35: =-E35-K35 -> -0.19204927 | M35: =-F35-K35 -> -0.10502766 | N35: =-I35-K35 -> -0.10914188 | O35: 0.316 | P35: =-E35-O35 -> -0.14204927 | Q35: =-F35-O35 -> -0.055027665 | R35: =-I35-O35 -> -0.059141876 | S35: =ABS(P35) -> 0.14204927 | T35: =ABS(Q35) -> 0.055027665 | U35: =ABS(R35) -> 0.059141876
B37: LiH
B38: orb | C38: kt | D38: d2 | E38: kt | F38: d2 | G38: ps | H38: l3 | I38: l3 | J38: ps | K38: exp | L38: sgn err kt | M38: sgn err d2 | N38: sgn err l3 | O38: BD-T1 | P38: sgn err kt | Q38: sgn err d2 | R38: sgn err l3 | S38: abs kt-BDT1 | T38: abs d2-BDT1 | U38: abs l3-BDT1
A39: HF | B39: σ | C39: -0.0073961359 | D39: -0.01018467 | E39: =C39*27.2114 -> -0.20125921 | F39: =D39*27.2114 -> -0.27713914 | G39: 0.99496342 | H39: -0.010592039 | I39: =H39*27.2114 -> -0.28822421 | J39: 0.99246183 | K39: 0.34 | L39: =-E39-K39 -> -0.13874079 | M39: =-F39-K39 -> -0.062860861 | N39: =-I39-K39 -> -0.051775794 | O39: 0.284 | P39: =-E39-O39 -> -0.082740788 | Q39: =-F39-O39 -> -0.0068608607 | R39: =-I39-O39 -> 0.004224206 | S39: =ABS(P39) -> 0.082740788 | T39: =ABS(Q39) -> 0.0068608607 | U39: =ABS(R39) -> 0.004224206
A40: B3LYP | B40: σ | C40: -0.0062329858 | D40: -0.0091701846 | E40: =C40*27.2114 -> -0.16960827 | F40: =D40*27.2114 -> -0.24953356 | G40: 0.99418216 | H40: -0.0095153852 | I40: =H40*27.2114 -> -0.25892695 | J40: 0.99148972 | K40: 0.34 | L40: =-E40-K40 -> -0.17039173 | M40: =-F40-K40 -> -0.090466439 | N40: =-I40-K40 -> -0.081073047 | O40: 0.284 | P40: =-E40-O40 -> -0.11439173 | Q40: =-F40-O40 -> -0.034466439 | R40: =-I40-O40 -> -0.025073047 | S40: =ABS(P40) -> 0.11439173 | T40: =ABS(Q40) -> 0.034466439 | U40: =ABS(R40) -> 0.025073047
A41: LDA | B41: σ | C41: -0.0061901803 | D41: -0.0093121524 | E41: =C41*27.2114 -> -0.16844347 | F41: =D41*27.2114 -> -0.2533967 | G41: 0.99381516 | H41: -0.0096627005 | I41: =H41*27.2114 -> -0.26293561 | J41: 0.99096269 | K41: 0.34 | L41: =-E41-K41 -> -0.17155653 | M41: =-F41-K41 -> -0.086603297 | N41: =-I41-K41 -> -0.077064392 | O41: 0.284 | P41: =-E41-O41 -> -0.11555653 | Q41: =-F41-O41 -> -0.030603297 | R41: =-I41-O41 -> -0.021064392 | S41: =ABS(P41) -> 0.11555653 | T41: =ABS(Q41) -> 0.030603297 | U41: =ABS(R41) -> 0.021064392
A42: revPBE | B42: σ | C42: -0.0060814703 | D42: -0.0090969799 | E42: =C42*27.2114 -> -0.16548532 | F42: =D42*27.2114 -> -0.24754156 | G42: 0.9937991 | H42: -0.0094239188 | I42: =H42*27.2114 -> -0.25643802 | J42: 0.99099132 | K42: 0.34 | L42: =-E42-K42 -> -0.17451468 | M42: =-F42-K42 -> -0.09245844 | N42: =-I42-K42 -> -0.083561977 | O42: 0.284 | P42: =-E42-O42 -> -0.11851468 | Q42: =-F42-O42 -> -0.03645844 | R42: =-I42-O42 -> -0.027561977 | S42: =ABS(P42) -> 0.11851468 | T42: =ABS(Q42) -> 0.03645844 | U42: =ABS(R42) -> 0.027561977
A44: NaLi
B45: orb | C45: kt | D45: d2 | E45: kt | F45: d2 | G45: ps | H45: l3 | I45: l3 | J45: ps | K45: exp | L45: sgn err kt | M45: sgn err d2 | N45: sgn err l3 | O45: BD-T1 | P45: sgn err kt | Q45: sgn err d2 | R45: sgn err l3 | S45: abs kt-BDT1 | T45: abs d2-BDT1 | U45: abs l3-BDT1
A46: HF | B46: σ | C46: 0.0014062257 | D46: -0.0096662664 | E46: =C46*27.2114 -> 0.038265369 | F46: =D46*27.2114 -> -0.26303264 | G46: 0.9592851 | H46: -0.0101245 | I46: =H46*27.2114 -> -0.27550181 | J46: 0.94289903 | K46: 0.452 | L46: =-E46-K46 -> -0.49026537 | M46: =-F46-K46 -> -0.18896736 | N46: =-I46-K46 -> -0.17649819 | O46: 0.275 | P46: =-E46-O46 -> -0.31326537 | Q46: =-F46-O46 -> -0.011967358 | R46: =-I46-O46 -> 0.00050180806 | S46: =ABS(P46) -> 0.31326537 | T46: =ABS(Q46) -> 0.011967358 | U46: =ABS(R46) -> 0.00050180806
A47: B3LYP | B47: σ | C47: 0.0028834218 | D47: -0.007881657 | E47: =C47*27.2114 -> 0.078461943 | F47: =D47*27.2114 -> -0.21447092 | G47: 0.95933884 | H47: -0.0082899897 | I47: =H47*27.2114 -> -0.22558223 | J47: 0.9425618 | K47: 0.452 | L47: =-E47-K47 -> -0.53046194 | M47: =-F47-K47 -> -0.23752908 | N47: =-I47-K47 -> -0.22641777 | O47: 0.275 | P47: =-E47-O47 -> -0.35346194 | Q47: =-F47-O47 -> -0.060529077 | R47: =-I47-O47 -> -0.049417775 | S47: =ABS(P47) -> 0.35346194 | T47: =ABS(Q47) -> 0.060529077 | U47: =ABS(R47) -> 0.049417775
A48: LDA | B48: σ | C48: 0.0027088232 | D48: -0.0083072118 | E48: =C48*27.2114 -> 0.073710872 | F48: =D48*27.2114 -> -0.22605086 | G48: 0.95861169 | H48: -0.008695902 | I48: =H48*27.2114 -> -0.23662767 | J48: 0.94168672 | K48: 0.452 | L48: =-E48-K48 -> -0.52571087 | M48: =-F48-K48 -> -0.22594914 | N48: =-I48-K48 -> -0.21537233 | O48: 0.275 | P48: =-E48-O48 -> -0.34871087 | Q48: =-F48-O48 -> -0.048949138 | R48: =-I48-O48 -> -0.038372331 | S48: =ABS(P48) -> 0.34871087 | T48: =ABS(Q48) -> 0.048949138 | U48: =ABS(R48) -> 0.038372331
A49: revPBE | B49: σ | C49: 0.0025401151 | D49: -0.0081773242 | E49: =C49*27.2114 -> 0.069120088 | F49: =D49*27.2114 -> -0.22251644 | G49: 0.95965832 | H49: -0.0085889163 | I49: =H49*27.2114 -> -0.23371644 | J49: 0.94313707 | K49: 0.452 | L49: =-E49-K49 -> -0.52112009 | M49: =-F49-K49 -> -0.22948356 | N49: =-I49-K49 -> -0.21828356 | O49: 0.275 | P49: =-E49-O49 -> -0.34412009 | Q49: =-F49-O49 -> -0.052483559 | R49: =-I49-O49 -> -0.041283563 | S49: =ABS(P49) -> 0.34412009 | T49: =ABS(Q49) -> 0.052483559 | U49: =ABS(R49) -> 0.041283563

Sheet SFigure25-27
A1: BN | B1: ha | C1: ha | D1: ev | E1: ev (theory) | G1: ev (exp)
A2: CCSD(T)/cc-PVTZ | B2: singlet | C2: triplet gs | D2: gap | E2: RMR CCSD(T) A | F2: sgn err | G2: exp | H2: sgn err
A3: hf | B3: -79.267834 | C3: -79.266908 | D3: =(B3-C3)*27.2114 -> -0.025205376 | E3: 0.05232 | F3: =D3-E3 -> -0.077525376 | G3: 0.01897 | H3: =D3-G3 -> -0.044175376
A4: b3lyp | B4: -79.26465 | C4: -79.265499 | D4: =(B4-C4)*27.2114 -> 0.023098941 | E4: 0.05232 | F4: =D4-E4 -> -0.029221059 | G4: 0.01897 | H4: =D4-G4 -> 0.0041289411
A5: lda | B5: -79.258533 | C5: -79.25932 | D5: =(B5-C5)*27.2114 -> 0.021420814 | E5: 0.05232 | F5: =D5-E5 -> -0.030899186 | G5: 0.01897 | H5: =D5-G5 -> 0.0024508141
A6: revPBE | B6: -79.264372 | C6: -79.265345 | D6: =(B6-C6)*27.2114 -> 0.026462814 | E6: 0.05232 | F6: =D6-E6 -> -0.025857186 | G6: 0.01897 | H6: =D6-G6 -> 0.0074928144
A7: SCAN | B7: -79.265021 | C7: -79.265947 | D7: =(B7-C7)*27.2114 -> 0.02518143 | E7: 0.05232 | F7: =D7-E7 -> -0.02713857 | G7: 0.01897 | H7: =D7-G7 -> 0.0062114296
A8: SCAN0 | B8: -79.265593 | C8: -79.266412 | D8: =(B8-C8)*27.2114 -> 0.022295933 | E8: 0.05232 | F8: =D8-E8 -> -0.030024067 | G8: 0.01897 | H8: =D8-G8 -> 0.0033259327
A10: C2 | B10: ha | C10: ha | D10: ev | E10: ev (theory) | G10: ev (exp)
A11: CCSD(T)/cc-PVTZ | B11: singlet gs | C11: triplet | D11: gap | E11: RMR CCSD(T) A | F11: sgn err | G11: exp | H11: sgn err
A12: hf | B12: -75.782463 | C12: -75.779631 | D12: =(C12-B12)*27.2114 -> 0.077076835 | E12: 0.1215 | F12: =D12-E12 -> -0.044423165 | G12: 0.08877 | H12: =D12-G12 -> -0.011693165
A13: b3lyp | B13: -75.781093 | C13: -75.777853 | D13: =(C13-B13)*27.2114 -> 0.088163303 | E13: 0.1215 | F13: =D13-E13 -> -0.033336697 | G13: 0.08877 | H13: =D13-G13 -> -0.00060669668
A14: lda | B14: -75.700487 | C14: -75.771562 | D14: =(C14-B14)*27.2114 -> -1.9340342 | E14: 0.1215 | F14: =D14-E14 -> -2.0555342 | G14: 0.08877 | H14: =D14-G14 -> -2.0228042
A15: revPBE | B15: -75.706472 | C15: -75.778401 | D15: =(C15-B15)*27.2114 -> -1.957304 | E15: 0.1215 | F15: =D15-E15 -> -2.078804 | G15: 0.08877 | H15: =D15-G15 -> -2.046074
A16: SCAN | B16: -75.781583 | C16: -75.778346 | D16: =(C16-B16)*27.2114 -> 0.088084662 | E16: 0.1215 | F16: =D16-E16 -> -0.033415338 | G16: 0.08877 | H16: =D16-G16 -> -0.00068533763
A17: SCAN0 | B17: -75.782002 | C17: -75.778865 | D17: =(C17-B17)*27.2114 -> 0.085351005 | E17: 0.1215 | F17: =D17-E17 -> -0.036148995 | G17: 0.08877 | H17: =D17-G17 -> -0.0034189949
A19: CH2 | B19: ha | C19: ha | D19: ev | E19: ev (theory) | G19: ev (exp)
A20: CCSD(T)/cc-PVTZ | B20: singlet | C20: triplet gs | D20: gap | E20: MRBWCCSDT/tz | F20: sgn err | G20: exp | H20: sgn err
A21: hf | B21: -39.060298 | C21: -39.077097 | D21: =(B21-C21)*27.2114 -> 0.45711179 | E21: =(10.18/627.5)*27.2114 -> 0.44145347 | F21: =D21-E21 -> 0.015658322 | G21: =(8.99/627.5)*27.2114 -> 0.38984938 | H21: =D21-G21 -> 0.067262411
A22: b3lyp | B22: -39.05945 | C22: -39.076262 | D22: =(B22-C22)*27.2114 -> 0.45747778 | E22: =(10.18/627.5)*27.2114 -> 0.44145347 | F22: =D22-E22 -> 0.016024315 | G22: =(8.99/627.5)*27.2114 -> 0.38984938 | H22: =D22-G22 -> 0.067628405
A23: lda | B23: -39.056284 | C23: -39.073187 | D23: =(B23-C23)*27.2114 -> 0.45993035 | E23: =(10.18/627.5)*27.2114 -> 0.44145347 | F23: =D23-E23 -> 0.018476879 | G23: =(8.99/627.5)*27.2114 -> 0.38984938 | H23: =D23-G23 -> 0.070080968
A24: revPBE | B24: -39.059355 | C24: -39.076172 | D24: =(B24-C24)*27.2114 -> 0.45760976 | E24: =(10.18/627.5)*27.2114 -> 0.44145347 | F24: =D24-E24 -> 0.016156291 | G24: =(8.99/627.5)*27.2114 -> 0.38984938 | H24: =D24-G24 -> 0.06776038
A25: SCAN | B25: -39.059678 | C25: -39.076498 | D25: =(B25-C25)*27.2114 -> 0.45770146 | E25: =(10.18/627.5)*27.2114 -> 0.44145347 | F25: =D25-E25 -> 0.016247993 | G25: =(8.99/627.5)*27.2114 -> 0.38984938 | H25: =D25-G25 -> 0.067852082
A26: SCAN0 | B26: -39.059942 | C26: -39.076753 | D26: =(B26-C26)*27.2114 -> 0.45744513 | E26: =(10.18/627.5)*27.2114 -> 0.44145347 | F26: =D26-E26 -> 0.015991662 | G26: =(8.99/627.5)*27.2114 -> 0.38984938 | H26: =D26-G26 -> 0.067595751
A28: NF | B28: ha | C28: ha | D28: ev | E28: ev (theory) | G28: ev (exp)
A29: CCSD(T)/cc-PVTZ | B29: singlet | C29: triplet gs | D29: gap | E29: MRBWCCSDT-α/tz | F29: sgn err | G29: exp | H29: sgn err
A30: hf | B30: -154.18237 | C30: -154.24907 | D30: =(B30-C30)*27.2114 -> 1.8149294 | E30: 1.53121 | F30: =D30-E30 -> 0.28371936 | G30: 1.41776 | H30: =D30-G30 -> 0.39716936
A31: b3lyp | B31: -154.18138 | C31: -154.24801 | D31: =(B31-C31)*27.2114 -> 1.8132782 | E31: 1.53121 | F31: =D31-E31 -> 0.28206817 | G31: 1.41776 | H31: =D31-G31 -> 0.39551817
A32: lda | B32: -154.17544 | C32: -154.24197 | D32: =(B32-C32)*27.2114 -> 1.8104833 | E32: 1.53121 | F32: =D32-E32 -> 0.27927329 | G32: 1.41776 | H32: =D32-G32 -> 0.39272329
A33: revPBE | B33: -154.18165 | C33: -154.24815 | D33: =(B33-C33)*27.2114 -> 1.8096288 | E33: 1.53121 | F33: =D33-E33 -> 0.27841885 | G33: 1.41776 | H33: =D33-G33 -> 0.39186885
A34: SCAN | B34: -154.18178 | C34: -154.2483 | D34: =(B34-C34)*27.2114 -> 1.8102302 | E34: 1.53121 | F34: =D34-E34 -> 0.27902022 | G34: 1.41776 | H34: =D34-G34 -> 0.39247022
A35: SCAN0 | B35: -154.18206 | C35: -154.24866 | D35: =(B35-C35)*27.2114 -> 1.8121051 | E35: 1.53121 | F35: =D35-E35 -> 0.28089509 | G35: 1.41776 | H35: =D35-G35 -> 0.39434509
A37: BO+ | B37: ha | C37: ha | D37: ev | E37: ev (theory) | G37: ev (exp)
A38: CCSD(T)/cc-PVTZ | B38: singlet gs | C38: triplet | D38: gap | E38: CMRCI/tz | F38: sgn err | G38: none | H38: sgn err
A39: hf | B39: -99.394874 | C39: -99.375657 | D39: =(C39-B39)*27.2114 -> 0.52293562 | E39: 0.5444769 | F39: =D39-E39 -> -0.021541276 | H39: =D39-G39 -> 0.52293562
A40: b3lyp | B40: -99.393883 | C40: -99.374143 | D40: =(C40-B40)*27.2114 -> 0.53713916 | E40: 0.5444769 | F40: =D40-E40 -> -0.0073377418 | H40: =D40-G40 -> 0.53713916
A41: lda | B41: -99.388126 | C41: -99.368075 | D41: =(C41-B41)*27.2114 -> 0.54561333 | E41: 0.5444769 | F41: =D41-E41 -> 0.0011364324 | H41: =D41-G41 -> 0.54561333
A42: revPBE | B42: -99.394016 | C42: -99.374024 | D42: =(C42-B42)*27.2114 -> 0.54401847 | E42: 0.5444769 | F42: =D42-E42 -> -0.00045842778 | H42: =D42-G42 -> 0.54401847
A43: SCAN | B43: -99.394377 | C43: -99.374557 | D43: =(C43-B43)*27.2114 -> 0.53934573 | E43: 0.5444769 | F43: =D43-E43 -> -0.0051311694 | H43: =D43-G43 -> 0.53934573
A44: SCAN0 | B44: -99.394503 | C44: -99.374996 | D44: =(C44-B44)*27.2114 -> 0.53081904 | E44: 0.5444769 | F44: =D44-E44 -> -0.013657862 | H44: =D44-G44 -> 0.53081904
A46: CN+ | B46: ha | C46: ha | D46: ev | E46: ev (theory) | G46: ev (exp)
A47: CCSD(T)/cc-PVTZ | B47: singlet gs | C47: triplet | D47: gap | E47: CMRCI/tz | F47: sgn err | G47: none | H47: sgn err
A48: hf | B48: -92.063544 | C48: -92.055277 | D48: =(C48-B48)*27.2114 -> 0.22493324 | E48: 0.0990262 | F48: =D48-E48 -> 0.12590704 | H48: =D48-G48 -> 0.22493324
A49: b3lyp | B49: -92.060705 | C49: -92.055502 | D49: =(C49-B49)*27.2114 -> 0.14158717 | E49: 0.0990262 | F49: =D49-E49 -> 0.042560973 | H49: =D49-G49 -> 0.14158717
A50: lda | B50: -92.054468 | C50: -92.049195 | D50: =(C50-B50)*27.2114 -> 0.14350041 | E50: 0.0990262 | F50: =D50-E50 -> 0.044474206 | H50: =D50-G50 -> 0.14350041
A51: revPBE | B51: -92.060514 | C51: -92.055386 | D51: =(C51-B51)*27.2114 -> 0.13955421 | E51: 0.0990262 | F51: =D51-E51 -> 0.040528009 | H51: =D51-G51 -> 0.13955421
A52: SCAN | B52: -92.061112 | C52: -92.055828 | D52: =(C52-B52)*27.2114 -> 0.14379701 | E52: 0.0990262 | F52: =D52-E52 -> 0.044770811 | H52: =D52-G52 -> 0.14379701
A53: SCAN0 | B53: -92.061617 | C53: -92.05617 | D53: =(C53-B53)*27.2114 -> 0.14820635 | E53: 0.0990262 | F53: =D53-E53 -> 0.049180146 | H53: =D53-G53 -> 0.14820635
A55: O2 | B55: ha | C55: ha | D55: ev | E55: ev (theory) | G55: ev (exp)
A56: CCSD(T)/cc-PVTZ | B56: singlet | C56: triplet gs | D56: gap | E56: GVB/dz(d-fxns a=.9) | F56: sgn err | H56: sgn err
A57: hf | B57: -150.08007 | C57: -150.1278 | D57: =(B57-C57)*27.2114 -> 1.2988031 | E57: 1.089 | F57: =D57-E57 -> 0.20980312 | G57: 0.982 | H57: =D57-G57 -> 0.31680312
A58: b3lyp | B58: -150.07869 | C58: -150.12645 | D58: =(B58-C58)*27.2114 -> 1.2995071 | E58: 1.089 | F58: =D58-E58 -> 0.21050707 | G58: 0.984 | H58: =D58-G58 -> 0.31550707
A59: lda | B59: -150.07244 | C59: -150.12014 | D59: =(B59-C59)*27.2114 -> 1.297937 | E59: 1.089 | F59: =D59-E59 -> 0.20893698 | G59: 0.984 | H59: =D59-G59 -> 0.31393698
A60: revPBE | B60: -150.07877 | C60: -150.12649 | D60: =(B60-C60)*27.2114 -> 1.2985302 | E60: 1.089 | F60: =D60-E60 -> 0.20953018 | G60: 0.984 | H60: =D60-G60 -> 0.31453018
A61: SCAN | B61: -150.07896 | C61: -150.12678 | D61: =(B61-C61)*27.2114 -> 1.3011779 | E61: 1.089 | F61: =D61-E61 -> 0.21217785 | G61: 0.984 | H61: =D61-G61 -> 0.31717785
A62: SCAN0 | B62: -150.07945 | C62: -150.12724 | D62: =(B62-C62)*27.2114 -> 1.3003212 | E62: 1.089 | F62: =D62-E62 -> 0.21132124 | G62: 0.984 | H62: =D62-G62 -> 0.31632124
A64: NH | B64: ha | C64: ha | D64: ev | E64: ev (theory) | G64: ev (exp)
A65: CCSD(T)/cc-PVTZ | B65: singlet | C65: triplet gs | D65: gap | E65: MRD/basisD | F65: sgn err | G65: exp | H65: sgn err
A66: hf | B66: -55.069786 | C66: -55.14092 | D66: =(B66-C66)*27.2114 -> 1.9356565 | E66: =(41/627.5)*27.2114 -> 1.777956 | F66: =D66-E66 -> 0.15770053 | G66: =(36/627.5)*27.2114 -> 1.5611321 | H66: =D66-G66 -> 0.37452443
A67: b3lyp | B67: -55.068985 | C67: -55.1401 | D67: =(B67-C67)*27.2114 -> 1.9351325 | E67: =(41/627.5)*27.2114 -> 1.777956 | F67: =D67-E67 -> 0.15717644 | G67: =(36/627.5)*27.2114 -> 1.5611321 | H67: =D67-G67 -> 0.37400034
A68: lda | B68: -55.066004 | C68: -55.136963 | D68: =(B68-C68)*27.2114 -> 1.9308867 | E68: =(41/627.5)*27.2114 -> 1.777956 | F68: =D68-E68 -> 0.15293064 | G68: =(36/627.5)*27.2114 -> 1.5611321 | H68: =D68-G68 -> 0.36975455
A69: revPBE | B69: -55.06912 | C69: -55.140091 | D69: =(B69-C69)*27.2114 -> 1.9311944 | E69: =(41/627.5)*27.2114 -> 1.777956 | F69: =D69-E69 -> 0.1532384 | G69: =(36/627.5)*27.2114 -> 1.5611321 | H69: =D69-G69 -> 0.37006231
A70: SCAN | B70: -55.069276 | C70: -55.140317 | D70: =(B70-C70)*27.2114 -> 1.933136 | E70: =(41/627.5)*27.2114 -> 1.777956 | F70: =D70-E70 -> 0.15517994 | G70: =(36/627.5)*27.2114 -> 1.5611321 | H70: =D70-G70 -> 0.37200384
A71: SCAN0 | B71: -55.069416 | C71: -55.140568 | D71: =(B71-C71)*27.2114 -> 1.9361387 | E71: =(41/627.5)*27.2114 -> 1.777956 | F71: =D71-E71 -> 0.15818271 | G71: =(36/627.5)*27.2114 -> 1.5611321 | H71: =D71-G71 -> 0.37500662
A75: BN | B75: singlet | C75: singlet | D75: singlet | E75: triplet gs | F75: triplet gs | G75: singlet | H75: triplet gs alpha | I75: triplet gs beta
A76: CCSD(T)/cc-PVTZ | B76: sqrt Ncorr | C76: sqrt t1^2 | D76: T1 | E76: sqrt t1^2 | F76: T1 | G76: ||Fia||^2 | H76: ||Fia||^2 | I76: ||Fia||^2
A77: hf | B77: =SQRT(8) -> 2.8284271 | C77: =SQRT(0.0931) -> 0.30512293 | D77: =C77/B77 -> 0.10787725 | E77: =SQRT(0.0324) -> 0.18 | F77: =E77/B77 -> 0.06363961 | G77: 0 | H77: 0 | I77: 0
A78: b3lyp | B78: =SQRT(8) -> 2.8284271 | C78: =SQRT(0.0125) -> 0.1118034 | D78: =C78/B78 -> 0.039528471 | E78: =SQRT(0.0019) -> 0.043588989 | F78: =E78/B78 -> 0.015411035 | G78: 0.162 | H78: 0.15296655 | I78: 0.14965649
A79: lda | B79: =SQRT(8) -> 2.8284271 | C79: =SQRT(0.01) -> 0.1 | D79: =C79/B79 -> 0.035355339 | E79: =SQRT(0.0062) -> 0.078740079 | F79: =E79/B79 -> 0.027838822 | G79: 0.28 | H79: 0.27557419 | I79: 0.26958547
A80: revPBE | B80: =SQRT(8) -> 2.8284271 | C80: =SQRT(0.0058) -> 0.076157731 | D80: =C80/B80 -> 0.026925824 | E80: =SQRT(0.003) -> 0.054772256 | F80: =E80/B80 -> 0.019364917 | G80: 0.162 | H80: 0.15036214 | I80: 0.14975514
A81: SCAN | B81: =SQRT(8) -> 2.8284271 | C81: =SQRT(0.0089) -> 0.094339811 | D81: =C81/B81 -> 0.03335416 | E81: =SQRT(0.0012) -> 0.034641016 | F81: =E81/B81 -> 0.012247449 | G81: 0.131 | H81: 0.12679751 | I81: 0.11584358
A82: SCAN0 | B82: =SQRT(8) -> 2.8284271 | C82: =SQRT(0.0168) -> 0.12961481 | D82: =C82/B82 -> 0.045825757 | E82: =SQRT(0.0017) -> 0.041231056 | F82: =E82/B82 -> 0.01457738 | G82: 0.099 | H82: 0.096155474 | I82: 0.088915501
A84: C2 | B84: singlet gs | C84: singlet gs | D84: singlet gs | E84: triplet | F84: triplet | G84: singlet gs | H84: triplet alpha | I84: triplet beta
A85: CCSD(T)/cc-PVTZ | B85: sqrt Ncorr | C85: sqrt t1^2 | D85: T1 | E85: sqrt t1^2 | F85: T1 | G85: ||Fia||^2 | H85: ||Fia||^2 | I85: ||Fia||^2
A86: hf | B86: =SQRT(8) -> 2.8284271 | C86: =SQRT(0.0242) -> 0.15556349 | D86: =C86/B86 -> 0.055 | E86: =SQRT(0.0082) -> 0.090553851 | F86: =E86/B86 -> 0.032015621 | G86: 0 | H86: 0 | I86: 0
A87: b3lyp | B87: =SQRT(8) -> 2.8284271 | C87: =SQRT(0.0041) -> 0.064031242 | D87: =C87/B87 -> 0.022638463 | E87: =SQRT(0.0011) -> 0.033166248 | F87: =E87/B87 -> 0.011726039 | G87: 0.161 | H87: 0.15252149 | I87: 0.14972199
A88: lda | B88: =SQRT(8) -> 2.8284271 | C88: =SQRT(0.0207) -> 0.14387495 | D88: =C88/B88 -> 0.050867475 | E88: =SQRT(0.0029) -> 0.053851648 | F88: =E88/B88 -> 0.019039433 | G88: 0.294 | H88: 0.27121813 | I88: 0.26510037
A89: revPBE | B89: =SQRT(8) -> 2.8284271 | C89: =SQRT(0.0199) -> 0.14106736 | D89: =C89/B89 -> 0.049874843 | E89: =SQRT(0.0011) -> 0.033166248 | F89: =E89/B89 -> 0.011726039 | G89: 0.201 | H89: 0.14944576 | I89: 0.15029565
A90: SCAN | B90: =SQRT(8) -> 2.8284271 | C90: =SQRT(0.0031) -> 0.055677644 | D90: =C90/B90 -> 0.01968502 | E90: =SQRT(0.0008) -> 0.028284271 | F90: =E90/B90 -> 0.01 | G90: 0.13 | H90: 0.12487756 | I90: 0.11666681
A91: SCAN0 | B91: =SQRT(8) -> 2.8284271 | C91: =SQRT(0.0058) -> 0.076157731 | D91: =C91/B91 -> 0.026925824 | E91: =SQRT(0.0006) -> 0.024494897 | F91: =E91/B91 -> 0.008660254 | G91: 0.099 | H91: 0.094518126 | I91: 0.088974678
A93: CH2 | C93: singlet | D93: triplet gs | E93: singlet | F93: triplet gs | G93: singlet | H93: triplet gs alpha | I93: triplet gs beta
A94: CCSD(T)/cc-PVTZ | B94: Ncorr | C94: t1^2 | D94: t1^2 | E94: T1 | F94: T1 | G94: ||Fia||^2 | H94: ||Fia||^2 | I94: ||Fia||^2
A95: hf | B95: 8 | C95: 0.001 | D95: 0.0014 | E95: =SQRT(C95)/SQRT(B95) -> 0.01118034 | F95: =SQRT(D95)/SQRT(B95) -> 0.013228757 | G95: 0 | H95: 0 | I95: 0
A96: b3lyp | B96: 8 | C96: 0.0011 | D96: 0.0013 | E96: =SQRT(C96)/SQRT(B96) -> 0.011726039 | F96: =SQRT(D96)/SQRT(B96) -> 0.012747549 | G96: 0.10929723 | H96: 0.11047819 | I96: 0.10776665
A97: lda | B97: 8 | C97: 0.0032 | D97: 0.0034 | E97: =SQRT(C97)/SQRT(B97) -> 0.02 | F97: =SQRT(D97)/SQRT(B97) -> 0.020615528 | G97: 0.19282092 | H97: 0.19107692 | I97: 0.18888377
A98: revPBE | B98: 8 | C98: 0.0015 | D98: 0.001 | E98: =SQRT(C98)/SQRT(B98) -> 0.013693064 | F98: =SQRT(D98)/SQRT(B98) -> 0.01118034 | G98: 0.11179239 | H98: 0.10708683 | I98: 0.10922715
A99: SCAN | B99: 8 | C99: 0.0009 | D99: 0.0006 | E99: =SQRT(C99)/SQRT(B99) -> 0.010606602 | F99: =SQRT(D99)/SQRT(B99) -> 0.008660254 | G99: 0.089722002 | H99: 0.090246893 | I99: 0.079059932
A100: SCAN0 | B100: 8 | C100: 0.0004 | D100: 0.0003 | E100: =SQRT(C100)/SQRT(B100) -> 0.0070710678 | F100: =SQRT(D100)/SQRT(B100) -> 0.0061237244 | G100: 0.068379701 | H100: 0.068101295 | I100: 0.061620109
A102: NF | C102: singlet | D102: triplet gs | E102: singlet | F102: triplet gs | G102: singlet | H102: triplet gs alpha | I102: triplet gs beta
A103: CCSD(T)/cc-PVTZ | B103: Ncorr | C103: t1^2 | D103: t1^2 | E103: T1 | F103: T1 | G103: ||Fia||^2 | H103: ||Fia||^2 | I103: ||Fia||^2
A104: hf | B104: 12 | C104: 0.015 | D104: 0.0133 | E104: =SQRT(C104)/SQRT(B104) -> 0.035355339 | F104: =SQRT(D104)/SQRT(B104) -> 0.033291641 | G104: 0 | H104: 0 | I104: 0
A105: b3lyp | B105: 12 | C105: 0.0018 | D105: 0.0025 | E105: =SQRT(C105)/SQRT(B105) -> 0.012247449 | F105: =SQRT(D105)/SQRT(B105) -> 0.014433757 | G105: 0.2110786 | H105: 0.20036256 | I105: 0.22028503
A106: lda | B106: 12 | C106: 0.0087 | D106: 0.0101 | E106: =SQRT(C106)/SQRT(B106) -> 0.026925824 | F106: =SQRT(D106)/SQRT(B106) -> 0.029011492 | G106: 0.37405642 | H106: 0.36347667 | I106: 0.37928
A107: revPBE | B107: 12 | C107: 0.006 | D107: 0.0062 | E107: =SQRT(C107)/SQRT(B107) -> 0.02236068 | F107: =SQRT(D107)/SQRT(B107) -> 0.022730303 | G107: 0.21314203 | H107: 0.19439581 | I107: 0.22298172
A108: SCAN | B108: 12 | C108: 0.0029 | D108: 0.0026 | E108: =SQRT(C108)/SQRT(B108) -> 0.015545632 | F108: =SQRT(D108)/SQRT(B108) -> 0.014719601 | G108: 0.1860098 | H108: 0.17582818 | I108: 0.18404546
A109: SCAN0 | B109: 12 | C109: 0.0004 | D109: 0.0011 | E109: =SQRT(C109)/SQRT(B109) -> 0.0057735027 | F109: =SQRT(D109)/SQRT(B109) -> 0.0095742711 | G109: 0.14028428 | H109: 0.13259203 | I109: 0.13879014
A111: BO+ | C111: singlet gs | D111: triplet | E111: singlet gs | F111: triplet | G111: singlet gs | H111: triplet alpha | I111: triplet beta
A112: CCSD(T)/cc-PVTZ | B112: Ncorr | C112: t1^2 | D112: t1^2 | E112: T1 | F112: T1 | G112: ||Fia||^2 | H112: ||Fia||^2 | I112: ||Fia||^2
A113: hf | B113: 8 | C113: 0.0439 | D113: 0.0087 | E113: =SQRT(C113)/SQRT(B113) -> 0.074077662 | F113: =SQRT(D113)/SQRT(B113) -> 0.032977265 | G113: 0 | H113: 0 | I113: 0
A114: b3lyp | B114: 8 | C114: 0.002 | D114: 0.0015 | E114: =SQRT(C114)/SQRT(B114) -> 0.015811388 | F114: =SQRT(D114)/SQRT(B114) -> 0.013693064 | G114: 0.176 | H114: 0.16513056 | I114: 0.1623919
...

Sheet SFigure28-32
B2: RCCSD(T)/cc-pVTZ | ST or TS Gap (eV) | J2: RCCSD(T)/cc-pVTZ | Signed Errors (eV) versus Theoretical reference data
B3: HF | C3: B3LYP | D3: LDA | E3: revPBE | F3: SCAN | G3: SCAN0 | J3: HF | K3: B3LYP | L3: LDA | M3: revPBE | N3: SCAN | O3: SCAN0
A4: BN | B4: -0.025205376 | C4: 0.023098941 | D4: 0.021420814 | E4: 0.026462814 | F4: 0.02518143 | G4: 0.022295933 | I4: BN | J4: -0.077525376 | K4: -0.029221059 | L4: -0.030899186 | M4: -0.025857186 | N4: -0.02713857 | O4: -0.030024067
A5: C2 | B5: 0.077076835 | C5: 0.088163303 | D5: -1.9340342 | E5: -1.957304 | F5: 0.088084662 | G5: 0.085351005 | I5: C2 | J5: -0.044423165 | K5: -0.033336697 | L5: -2.0555342 | M5: -2.078804 | N5: -0.033415338 | O5: -0.036148995
A6: CH2 | B6: 0.45711179 | C6: 0.45747778 | D6: 0.45993035 | E6: 0.45760976 | F6: 0.45770146 | G6: 0.45744513 | I6: CH2 | J6: 0.015658322 | K6: 0.016024315 | L6: 0.018476879 | M6: 0.016156291 | N6: 0.016247993 | O6: 0.015991662
A7: NF | B7: 1.8149294 | C7: 1.8132782 | D7: 1.8104833 | E7: 1.8096288 | F7: 1.8102302 | G7: 1.8121051 | I7: NF | J7: 0.28371936 | K7: 0.28206817 | L7: 0.27927329 | M7: 0.27841885 | N7: 0.27902022 | O7: 0.28089509
A8: BO+ | B8: 0.52293562 | C8: 0.53713916 | D8: 0.54561333 | E8: 0.54401847 | F8: 0.53934573 | G8: 0.53081904 | I8: BO+ | J8: -0.021541276 | K8: -0.0073377418 | L8: 0.0011364324 | M8: -0.00045842778 | N8: -0.0051311694 | O8: -0.013657862
A9: CN+ | B9: 0.22493324 | C9: 0.14158717 | D9: 0.14350041 | E9: 0.13955421 | F9: 0.14379701 | G9: 0.14820635 | I9: CN+ | J9: 0.12590704 | K9: 0.042560973 | L9: 0.044474206 | M9: 0.040528009 | N9: 0.044770811 | O9: 0.049180146
A10: O2 | B10: 1.2988031 | C10: 1.2995071 | D10: 1.297937 | E10: 1.2985302 | F10: 1.3011779 | G10: 1.3003212 | I10: O2 | J10: 0.20980312 | K10: 0.21050707 | L10: 0.20893698 | M10: 0.20953018 | N10: 0.21217785 | O10: 0.21132124
A11: NH | B11: 1.9356565 | C11: 1.9351325 | D11: 1.9308867 | E11: 1.9311944 | F11: 1.933136 | G11: 1.9361387 | I11: NH | J11: 0.15770053 | K11: 0.15717644 | L11: 0.15293064 | M11: 0.1532384 | N11: 0.15517994 | O11: 0.15818271
B13: RCCSD(T)/cc-pVTZ | T1 Diagnostic S=0 | J13: UCCSD(T)/cc-pVTZ | T1 Diagnostic S=1
B14: HF | C14: B3LYP | D14: LDA | E14: revPBE | F14: SCAN | G14: SCAN0 | J14: HF | K14: B3LYP | L14: LDA | M14: revPBE | N14: SCAN | O14: SCAN0
A15: BN | B15: 0.108 | C15: 0.04 | D15: 0.035 | E15: 0.027 | F15: 0.033 | G15: 0.046 | I15: BN | J15: 0.064 | K15: 0.015 | L15: 0.028 | M15: 0.019 | N15: 0.012 | O15: 0.015
A16: C2 | B16: 0.055 | C16: 0.023 | D16: 0.051 | E16: 0.05 | F16: 0.02 | G16: 0.027 | I16: C2 | J16: 0.032 | K16: 0.012 | L16: 0.019 | M16: 0.012 | N16: 0.01 | O16: 0.009
A17: CH2 | B17: 0.011 | C17: 0.012 | D17: 0.02 | E17: 0.014 | F17: 0.011 | G17: 0.007 | I17: CH2 | J17: 0.013 | K17: 0.013 | L17: 0.021 | M17: 0.011 | N17: 0.009 | O17: 0.006
A18: NF | B18: 0.035 | C18: 0.012 | D18: 0.027 | E18: 0.022 | F18: 0.016 | G18: 0.006 | I18: NF | J18: 0.033 | K18: 0.014 | L18: 0.029 | M18: 0.023 | N18: 0.015 | O18: 0.01
A19: BO+ | B19: 0.074 | C19: 0.016 | D19: 0.018 | E19: 0.015 | F19: 0.011 | G19: 0.025 | I19: BO+ | J19: 0.033 | K19: 0.014 | L19: 0.027 | M19: 0.022 | N19: 0.015 | O19: 0.009
A20: CN+ | B20: 0.095 | C20: 0.036 | D20: 0.03 | E20: 0.026 | F20: 0.034 | G20: 0.044 | I20: CN+ | J20: 0.126 | K20: 0.014 | L20: 0.024 | M20: 0.016 | N20: 0.032 | O20: 0.018
A21: O2 | B21: 0.021 | C21: 0.009 | D21: 0.017 | E21: 0.014 | F21: 0.012 | G21: 0.006 | I21: O2 | J21: 0.024 | K21: 0.009 | L21: 0.017 | M21: 0.012 | N21: 0.008 | O21: 0.005
A22: NH | B22: 0.01 | C22: 0.012 | D22: 0.024 | E22: 0.019 | F22: 0.014 | G22: 0.006 | I22: NH | J22: 0.014 | K22: 0.012 | L22: 0.02 | M22: 0.014 | N22: 0.006 | O22: 0.008
B24: RCCSD(T)/cc-pVTZ | Frobenius ||Fov||^2 S=0 | J24: UCCSD(T)/cc-pVTZ | Frobenius ||Fov||^2 Alpha S=1
B25: HF | C25: B3LYP | D25: LDA | E25: revPBE | F25: SCAN | G25: SCAN0 | J25: HF | K25: B3LYP | L25: LDA | M25: revPBE | N25: SCAN | O25: SCAN0
A26: BN | B26: 0 | C26: 0.162 | D26: 0.28 | E26: 0.162 | F26: 0.131 | G26: 0.099 | I26: BN | J26: 0 | K26: 0.153 | L26: 0.276 | M26: 0.15 | N26: 0.127 | O26: 0.0962
A27: C2 | B27: 0 | C27: 0.161 | D27: 0.294 | E27: 0.201 | F27: 0.13 | G27: 0.099 | I27: C2 | J27: 0 | K27: 0.153 | L27: 0.271 | M27: 0.149 | N27: 0.125 | O27: 0.0945
A28: CH2 | B28: 0 | C28: 0.109 | D28: 0.193 | E28: 0.112 | F28: 0.0897 | G28: 0.0684 | I28: CH2 | J28: 0 | K28: 0.11 | L28: 0.191 | M28: 0.107 | N28: 0.0902 | O28: 0.0681
A29: NF | B29: 0 | C29: 0.211 | D29: 0.374 | E29: 0.213 | F29: 0.186 | G29: 0.14 | I29: NF | J29: 0 | K29: 0.2 | L29: 0.363 | M29: 0.194 | N29: 0.176 | O29: 0.133
A30: BO+ | B30: 0 | C30: 0.176 | D30: 0.308 | E30: 0.18 | F30: 0.145 | G30: 0.109 | I30: BO+ | J30: 0 | K30: 0.165 | L30: 0.303 | M30: 0.166 | N30: 0.141 | O30: 0.106
A31: CN+ | B31: 0 | C31: 0.182 | D31: 0.309 | E31: 0.185 | F31: 0.149 | G31: 0.113 | I31: CN+ | J31: 0 | K31: 0.171 | L31: 0.301 | M31: 0.17 | N31: 0.144 | O31: 0.109
A32: O2 | B32: 0 | C32: 0.215 | D32: 0.382 | E32: 0.229 | F32: 0.205 | G32: 0.141 | I32: O2 | J32: 0 | K32: 0.198 | L32: 0.359 | M32: 0.189 | N32: 0.174 | O32: 0.131
A33: NH | B33: 0 | C33: 0.122 | D33: 0.23 | E33: 0.13 | F33: 0.105 | G33: 0.0759 | I33: NH | J33: 0 | K33: 0.122 | L33: 0.219 | M33: 0.113 | N33: 0.1 | O33: 0.0753
J36: UCCSD(T)/cc-pVTZ | Frobenius ||Fov||^2 Beta S=1
J37: HF | K37: B3LYP | L37: LDA | M37: revPBE | N37: SCAN | O37: SCAN0
I38: BN | J38: 0 | K38: 0.15 | L38: 0.27 | M38: 0.15 | N38: 0.116 | O38: 0.0889
I39: C2 | J39: 0 | K39: 0.15 | L39: 0.265 | M39: 0.15 | N39: 0.117 | O39: 0.089
I40: CH2 | J40: 0 | K40: 0.108 | L40: 0.189 | M40: 0.109 | N40: 0.0791 | O40: 0.0616
I41: NF | J41: 0 | K41: 0.22 | L41: 0.379 | M41: 0.223 | N41: 0.184 | O41: 0.139
I42: BO+ | J42: 0 | K42: 0.162 | L42: 0.297 | M42: 0.163 | N42: 0.127 | O42: 0.0982
I43: CN+ | J43: 0 | K43: 0.168 | L43: 0.296 | M43: 0.17 | N43: 0.131 | O43: 0.0995
I44: O2 | J44: 0 | K44: 0.231 | L44: 0.385 | M44: 0.23 | N44: 0.191 | O44: 0.145
I45: NH | J45: 0 | K45: 0.121 | L45: 0.219 | M45: 0.117 | N45: 0.0892 | O45: 0.0691

Sheet SFigure33-38
A1: BN | B1: ha | C1: ha | D1: ev | E1: ev (theory) | G1: ev (exp) | I1: singlet | J1: triplet | K1: singlet | L1: triplet | P1: theory | Q1: exp
A2: CCSD(T)/cc-PVTZ | B2: singlet | C2: triplet gs | D2: gap | E2: RMR CCSD(T) A | F2: sgn err | G2: exp | H2: sgn err | I2: S^2 HF | J2: S^2 HF | K2: S^2 CC | L2: S^2 CC | M2: alpha | N2: AP singlet | O2: AP Gap | P2: sgn err | Q2: sgn err
A3: hf | B3: -79.25434 | C3: -79.266908 | D3: =(B3-C3)*27.2114 -> 0.34198879 | E3: 0.05232 | F3: =D3-E3 -> 0.28966879 | G3: 0.01897 | H3: =D3-G3 -> 0.32301879 | I3: 1.2995652 | J3: 2.0555425 | K3: 0.410818 | L3: 2.001046 | M3: =(L3-0)/(L3-K3) -> 1.2583391 | N3: =(M3*B3)+(1-M3)*C3 -> -79.251093 | O3: =(N3-C3)*27.2114 -> 0.43033786 | P3: =O3-E3 -> 0.37801786 | Q3: =O3-G3 -> 0.41136786
A4: b3lyp | B4: -79.253838 | C4: -79.2655 | D4: =(B4-C4)*27.2114 -> 0.31732084 | E4: 0.05232 | F4: =D4-E4 -> 0.26500084 | G4: 0.01897 | H4: =D4-G4 -> 0.29835084 | I4: 1.0129081 | J4: 2.0033324 | K4: 1.159447 | L4: 2.000868 | M4: =(L4-0)/(L4-K4) -> 2.377963 | N4: =(M4*B4)+(1-M4)*C4 -> -79.237769 | O4: =(N4-C4)*27.2114 -> 0.75457722 | P4: =O4-E4 -> 0.70225722 | Q4: =O4-G4 -> 0.73560722
A5: lda | B5: -79.255357 | C5: -79.25932 | D5: =(B5-C5)*27.2114 -> 0.10784096 | E5: 0.05232 | F5: =D5-E5 -> 0.055520955 | G5: 0.01897 | H5: =D5-G5 -> 0.088870955 | I5: 0.48668881 | J5: 2.0024669 | K5: 0.625812 | L5: 2.000903 | M5: =(L5-0)/(L5-K5) -> 1.4551059 | N5: =(M5*B5)+(1-M5)*C5 -> -79.253554 | O5: =(N5-C5)*27.2114 -> 0.15692001 | P5: =O5-E5 -> 0.10460001 | Q5: =O5-G5 -> 0.13795001
A6: revPBE | B6: -79.258049 | C6: -79.265345 | D6: =(B6-C6)*27.2114 -> 0.19853437 | E6: 0.05232 | F6: =D6-E6 -> 0.14621437 | G6: 0.01897 | H6: =D6-G6 -> 0.17956437 | I6: 0.78249442 | J6: 2.0038526 | K6: 0.982528 | L6: 2.000914 | M6: =(L6-0)/(L6-K6) -> 1.9647894 | N6: =(M6*B6)+(1-M6)*C6 -> -79.25101 | O6: =(N6-C6)*27.2114 -> 0.39007823 | P6: =O6-E6 -> 0.33775823 | Q6: =O6-G6 -> 0.37110823
A7: SCAN | B7: -79.254205 | C7: -79.265948 | D7: =(B7-C7)*27.2114 -> 0.31953476 | E7: 0.05232 | F7: =D7-E7 -> 0.26721476 | G7: 0.01897 | H7: =D7-G7 -> 0.30056476 | I7: 1.0224172 | J7: 2.0061466 | K7: 1.154445 | L7: 2.000904 | M7: =(L7-0)/(L7-K7) -> 2.3638522 | N7: =(M7*B7)+(1-M7)*C7 -> -79.23819 | O7: =(N7-C7)*27.2114 -> 0.75533296 | P7: =O7-E7 -> 0.70301296 | Q7: =O7-G7 -> 0.73636296
A8: SCAN0 | B8: -79.254654 | C8: -79.266413 | D8: =(B8-C8)*27.2114 -> 0.31996851 | E8: 0.05232 | F8: =D8-E8 -> 0.26764851 | G8: 0.01897 | H8: =D8-G8 -> 0.30099851 | I8: 1.0275872 | J8: 2.0069675 | K8: 1.153071 | L8: 2.000896 | M8: =(L8-0)/(L8-K8) -> 2.3600342 | N8: =(M8*B8)+((1-M8)*C8) -> -79.238662 | O8: =(N8-C8)*27.2114 -> 0.75513663 | P8: =O8-E8 -> 0.70281663 | Q8: =O8-G8 -> 0.73616663
A10: C2 | B10: ha | C10: ha | D10: ev | E10: ev (theory) | G10: ev (exp) | I10: singlet | J10: triplet | K10: singlet | L10: triplet | P10: theory | Q10: exp
A11: CCSD(T)/cc-PVTZ | B11: singlet gs | C11: triplet | D11: gap | E11: RMR CCSD(T) A | F11: sgn err | G11: exp | H11: sgn err | I11: S^2 HF | J11: S^2 HF | K11: S^2 CC | L11: S^2 CC | M11: alpha | N11: AP singlet | O11: AP Gap | P11: sgn err | Q11: sgn err
A12: hf | B12: -75.76829 | C12: -75.777055 | D12: =(C12-B12)*27.2114 -> -0.23852479 | E12: 0.1215 | F12: =D12-E12 -> -0.36002479 | G12: 0.08877 | H12: =D12-G12 -> -0.32729479 | I12: 1.6976357 | J12: 2.2525044 | K12: 0.530364 | L12: 1.999986 | M12: =(L12-0)/(L12-K12) -> 1.3608846 | N12: =(M12*B12)+(1-M12)*C12 -> -75.765126 | O12: =(C12-N12)*27.2114 -> -0.32460472 | P12: =O12-E12 -> -0.44610472 | Q12: =O12-G12 -> -0.41337472
A13: b3lyp | B13: -75.772719 | C13: -75.777948 | D13: =(C13-B13)*27.2114 -> -0.1423012 | E13: 0.1215 | F13: =D13-E13 -> -0.2638012 | G13: 0.08877 | H13: =D13-G13 -> -0.2310712 | I13: 0.76724251 | J13: 2.0041844 | K13: 0.364842 | L13: 2.001337 | M13: =(L13-0)/(L13-K13) -> 1.2229411 | N13: =(M13*B13)+(1-M13)*C13 -> -75.771553 | O13: =(C13-N13)*27.2114 -> -0.17402599 | P13: =O13-E13 -> -0.29552599 | Q13: =O13-G13 -> -0.26279599
A14: lda | B14: -75.773287 | C14: -75.771562 | D14: =(C14-B14)*27.2114 -> 0.046954631 | E14: 0.1215 | F14: =D14-E14 -> -0.074545369 | G14: 0.08877 | H14: =D14-G14 -> -0.041815369 | I14: 0.73711197 | J14: 2.0022607 | K14: 0.451519 | L14: 2.00136 | M14: =(L14-0)/(L14-K14) -> 1.2913325 | N14: =(M14*B14)+(1-M14)*C14 -> -75.77379 | O14: =(C14-N14)*27.2114 -> 0.06063404 | P14: =O14-E14 -> -0.06086596 | Q14: =O14-G14 -> -0.02813596
A15: revPBE | B15: -75.778793 | C15: -75.77783 | D15: =(C15-B15)*27.2114 -> 0.026186347 | E15: 0.1215 | F15: =D15-E15 -> -0.095313653 | G15: 0.08877 | H15: =D15-G15 -> -0.062583653 | I15: 0.88976841 | J15: 2.002945 | K15: 0.505521 | L15: 2.001373 | M15: =(L15-0)/(L15-K15) -> 1.3379485 | N15: =(M15*B15)+(1-M15)*C15 -> -75.779118 | O15: =(C15-N15)*27.2114 -> 0.035035984 | P15: =O15-E15 -> -0.086464016 | Q15: =O15-G15 -> -0.053734016
A16: SCAN | B16: -75.778843 | C16: -75.778346 | D16: =(C16-B16)*27.2114 -> 0.013538488 | E16: 0.1215 | F16: =D16-E16 -> -0.10796151 | G16: 0.08877 | H16: =D16-G16 -> -0.075231512 | I16: 1.0322268 | J16: 2.005371 | K16: 0.539872 | L16: 2.001393 | M16: =(L16-0)/(L16-K16) -> 1.3693905 | N16: =(M16*B16)+(1-M16)*C16 -> -75.779027 | O16: =(C16-N16)*27.2114 -> 0.018539477 | P16: =O16-E16 -> -0.10296052 | Q16: =O16-G16 -> -0.070230523
A17: SCAN0 | B17: -75.771121 | C17: -75.778865 | D17: =(C17-B17)*27.2114 -> -0.21073488 | E17: 0.1215 | F17: =D17-E17 -> -0.33223488 | G17: 0.08877 | H17: =D17-G17 -> -0.29950488 | I17: 1.0808446 | J17: 2.0069735 | K17: 0.435658 | L17: 2.001339 | M17: =(L17-0)/(L17-K17) -> 1.2782546 | N17: =(M17*B17)+((1-M17)*C17) -> -75.768966 | O17: =(C17-N17)*27.2114 -> -0.26937283 | P17: =O17-E17 -> -0.39087283 | Q17: =O17-G17 -> -0.35814283
P18: improv w/ks
P19: not better than RHF-CC
A21: CH2 | B21: ha | C21: ha | D21: ev | E21: ev (theory) | G21: ev (exp) | I21: singlet | J21: triplet | K21: singlet | L21: triplet | P21: theory | Q21: exp
A22: CCSD(T)/cc-PVTZ | B22: singlet | C22: triplet gs | D22: gap | E22: MRBWCCSDT/tz | F22: sgn err | G22: exp | H22: sgn err | I22: S^2 HF | J22: S^2 HF | K22: S^2 CC | L22: S^2 CC | M22: alpha | N22: AP singlet | O22: AP Gap | P22: sgn err | Q22: sgn err
A23: hf | B23: -39.060714 | C23: -39.077097 | D23: =(B23-C23)*27.2114 -> 0.44579865 | E23: =(10.18/627.5)*27.2114 -> 0.44145347 | F23: =D23-E23 -> 0.0043451825 | G23: =(8.99/627.5)*27.2114 -> 0.38984938 | H23: =D23-G23 -> 0.055949272 | I23: 0.72053041 | J23: 2.0162747 | K23: 0.499528 | L23: 2.000363 | M23: =(L23-0)/(L23-K23) -> 1.3328334 | N23: =(M23*B23)+(1-M23)*C23 -> -39.055261 | O23: =(N23-C23)*27.2114 -> 0.59417533 | P23: =O23-E23 -> 0.15272186 | Q23: =O23-G23 -> 0.20432595
A24: b3lyp | B24: -39.059912 | C24: -39.076262 | D24: =(B24-C24)*27.2114 -> 0.44489605 | E24: =(10.18/627.5)*27.2114 -> 0.44145347 | F24: =D24-E24 -> 0.0034425803 | G24: =(8.99/627.5)*27.2114 -> 0.38984938 | H24: =D24-G24 -> 0.05504667 | I24: 0.58387233 | J24: 2.0052577 | K24: 0.49125 | L24: 2.000295 | M24: =(L24-0)/(L24-K24) -> 1.325537 | N24: =(M24*B24)+(1-M24)*C24 -> -39.05459 | O24: =(N24-C24)*27.2114 -> 0.58972618 | P24: =O24-E24 -> 0.14827271 | Q24: =O24-G24 -> 0.1998768
A25: lda | B25: -39.056763 | C25: -39.073187 | D25: =(B25-C25)*27.2114 -> 0.44691704 | E25: =(10.18/627.5)*27.2114 -> 0.44145347 | F25: =D25-E25 -> 0.005463571 | G25: =(8.99/627.5)*27.2114 -> 0.38984938 | H25: =D25-G25 -> 0.05706766 | I25: 0.55009184 | J25: 2.0045606 | K25: 0.489748 | L25: 2.000291 | M25: =(L25-0)/(L25-K25) -> 1.3242198 | N25: =(M25*B25)+(1-M25)*C25 -> -39.051438 | O25: =(N25-C25)*27.2114 -> 0.59181641 | P25: =O25-E25 -> 0.15036294 | Q25: =O25-G25 -> 0.20196703
A26: revPBE | B26: -39.05983 | C26: -39.076172 | D26: =(B26-C26)*27.2114 -> 0.44468734 | E26: =(10.18/627.5)*27.2114 -> 0.44145347 | F26: =D26-E26 -> 0.0032338689 | G26: =(8.99/627.5)*27.2114 -> 0.38984938 | H26: =D26-G26 -> 0.054837958 | I26: 0.65597194 | J26: 2.0061207 | K26: 0.495403 | L26: 2.000301 | M26: =(L26-0)/(L26-K26) -> 1.3291937 | N26: =(M26*B26)+(1-M26)*C26 -> -39.05445 | O26: =(N26-C26)*27.2114 -> 0.59107563 | P26: =O26-E26 -> 0.14962216 | Q26: =O26-G26 -> 0.20122625
A27: SCAN | B27: -39.060105 | C27: -39.076498 | D27: =(B27-C27)*27.2114 -> 0.44607621 | E27: =(10.18/627.5)*27.2114 -> 0.44145347 | F27: =D27-E27 -> 0.0046227388 | G27: =(8.99/627.5)*27.2114 -> 0.38984938 | H27: =D27-G27 -> 0.056226828 | I27: 0.74440758 | J27: 2.0101045 | K27: 0.505816 | L27: 2.000325 | M27: =(L27-0)/(L27-K27) -> 1.3384496 | N27: =(M27*B27)+(1-M27)*C27 -> -39.054557 | O27: =(N27-C27)*27.2114 -> 0.59705053 | P27: =O27-E27 -> 0.15559706 | Q27: =O27-G27 -> 0.20720115
A28: SCAN0 | B28: -39.060366 | C28: -39.076753 | D28: =(B28-C28)*27.2114 -> 0.44593117 | E28: =(10.18/627.5)*27.2114 -> 0.44145347 | F28: =D28-E28 -> 0.004477702 | G28: =(8.99/627.5)*27.2114 -> 0.38984938 | H28: =D28-G28 -> 0.056081791 | I28: 0.74398347 | J28: 2.010212 | K28: 0.504782 | L28: 2.000328 | M28: =(L28-0)/(L28-K28) -> 1.3375236 | N28: =(M28*B28)+((1-M28)*C28) -> -39.054834 | O28: =(N28-C28)*27.2114 -> 0.59644344 | P28: =O28-E28 -> 0.15498998 | Q28: =O28-G28 -> 0.20659406
P29: no improv w/ks
P30: not better than RHF-CC
A32: NF | B32: ha | C32: ha | D32: ev | E32: ev (theory) | G32: ev (exp) | I32: singlet | J32: triplet | K32: singlet | L32: triplet | P32: theory | Q32: exp
A33: CCSD(T)/cc-PVTZ | B33: singlet | C33: triplet gs | D33: gap | E33: MRBWCCSDT-α/tz | F33: sgn err | G33: exp | H33: sgn err | I33: S^2 HF | J33: S^2 HF | K33: S^2 CC | L33: S^2 CC | M33: alpha | N33: AP singlet | O33: AP Gap | P33: sgn err | Q33: sgn err
A34: hf | B34: -154.23115 | C34: -154.24907 | D34: =(B34-C34)*27.2114 -> 0.48753468 | E34: 1.53121 | F34: =D34-E34 -> -1.0436753 | G34: 1.41776 | H34: =D34-G34 -> -0.93022532 | I34: 1.0135781 | J34: 2.0215005 | K34: 1.384459 | L34: 2.000777 | M34: =(L34-0)/(L34-K34) -> 3.2463387 | N34: =(M34*B34)+(1-M34)*C34 -> -154.1909 | O34: =(N34-C34)*27.2114 -> 1.5827027 | P34: =O34-E34 -> 0.051492722 | Q34: =O34-G34 -> 0.16494272
A35: b3lyp | B35: -154.23074 | C35: -154.24801 | D35: =(B35-C35)*27.2114 -> 0.4701319 | E35: 1.53121 | F35: =D35-E35 -> -1.0610781 | G35: 1.41776 | H35: =D35-G35 -> -0.9476281 | I35: 1.0042751 | J35: 2.0064558 | K35: 1.397691 | L35: 2.000806 | M35: =(L35-0)/(L35-K35) -> 3.3174536 | N35: =(M35*B35)+(1-M35)*C35 -> -154.1907 | O35: =(N35-C35)*27.2114 -> 1.5596407 | P35: =O35-E35 -> 0.028430749 | Q35: =O35-G35 -> 0.14188075
A36: lda | B36: -154.22519 | C36: -154.24197 | D36: =(B36-C36)*27.2114 -> 0.45665274 | E36: 1.53121 | F36: =D36-E36 -> -1.0745573 | G36: 1.41776 | H36: =D36-G36 -> -0.96110726 | I36: 1.0013839 | J36: 2.0037617 | K36: 1.408561 | L36: 2.000839 | M36: =(L36-0)/(L36-K36) -> 3.3782092 | N36: =(M36*B36)+(1-M36)*C36 -> -154.18528 | O36: =(N36-C36)*27.2114 -> 1.5426685 | P36: =O36-E36 -> 0.01145848 | Q36: =O36-G36 -> 0.12490848
A37: revPBE | B37: -154.23096 | C37: -154.24815 | D37: =(B37-C37)*27.2114 -> 0.46791009 | E37: 1.53121 | F37: =D37-E37 -> -1.0632999 | G37: 1.41776 | H37: =D37-G37 -> -0.94984991 | I37: 1.0035871 | J37: 2.0049006 | K37: 1.397011 | L37: 2.000828 | M37: =(L37-0)/(L37-K37) -> 3.3136331 | N37: =(M37*B37)+(1-M37)*C37 -> -154.19117 | O37: =(N37-C37)*27.2114 -> 1.5504824 | P37: =O37-E37 -> 0.019272368 | Q37: =O37-G37 -> 0.13272237
A38: SCAN | B38: -154.2307 | C38: -154.2483 | D38: =(B38-C38)*27.2114 -> 0.47887792 | E38: 1.53121 | F38: =D38-E38 -> -1.0523321 | G38: 1.41776 | H38: =D38-G38 -> -0.93888208 | I38: 1.0066181 | J38: 2.0116928 | K38: 1.388949 | L38: 2.000822 | M38: =(L38-0)/(L38-K38) -> 3.2699956 | N38: =(M38*B38)+(1-M38)*C38 -> -154.19076 | O38: =(N38-C38)*27.2114 -> 1.5659287 | P38: =O38-E38 -> 0.034718671 | Q38: =O38-G38 -> 0.14816867
A39: SCAN0 | B39: -154.23097 | C39: -154.24866 | D39: =(B39-C39)*27.2114 -> 0.48123334 | E39: 1.53121 | F39: =D39-E39 -> -1.0499767 | G39: 1.41776 | H39: =D39-G39 -> -0.93652666 | I39: 1.0079824 | J39: 2.0133988 | K39: 1.388867 | L39: 2.000799 | M39: =(L39-0)/(L39-K39) -> 3.2696427 | N39: =(M39*B39)+((1-M39)*C39) -> -154.19083 | O39: =(N39-C39)*27.2114 -> 1.5734611 | P39: =O39-E39 -> 0.04225107 | Q39: =O39-G39 -> 0.15570107
P40: improv w/ks
P41: better than RHF-CC
A43: BO+ | B43: ha | C43: ha | D43: ev | E43: ev (theory) | G43: ev (exp) | I43: singlet | J43: triplet | K43: singlet | L43: triplet | P43: theory | Q43: exp
A44: CCSD(T)/cc-PVTZ | B44: singlet gs | C44: triplet | D44: gap | E44: CMRCI/tz | F44: sgn err | G44: none | H44: sgn err | I44: S^2 HF | J44: S^2 HF | K44: S^2 CC | L44: S^2 CC | M44: alpha | N44: AP singlet | O44: AP Gap | P44: sgn err | Q44: sgn err
A45: hf | B45: -99.359383 | C45: -99.375657 | D45: =(C45-B45)*27.2114 -> -0.44283315 | E45: 0.5444769 | F45: =D45-E45 -> -0.98731005 | H45: =D45-G45 -> -0.44283315 | I45: 1.0191907 | J45: 2.0049831 | K45: 1.087404 | L45: 2.000269 | M45: =(L45-0)/(L45-K45) -> 2.1911991 | N45: =(M45*B45)+(1-M45)*C45 -> -99.339998 | O45: =(C45-N45)*27.2114 -> -0.97033562 | P45: =O45-E45 -> -1.5148125
A46: b3lyp | B46: -99.39363 | C46: -99.374141 | D46: =(C46-B46)*27.2114 -> 0.5303257 | E46: 0.5444769 | F46: =D46-E46 -> -0.014151204 | H46: =D46-G46 -> 0.5303257 | I46: 0.049108828 | J46: 2.0019854 | K46: -0.001616 | L46: 2.000277 | M46: =(L46-0)/(L46-K46) -> 0.99919276 | N46: =(M46*B46)+(1-M46)*C46 -> -99.393614 | O46: =(C46-N46)*27.2114 -> 0.5298976 | P46: =O46-E46 -> -0.014579302
A47: lda | B47: -99.388126 | C47: -99.368075 | D47: =(C47-B47)*27.2114 -> 0.54561497 | E47: 0.5444769 | F47: =D47-E47 -> 0.0011380651 | H47: =D47-G47 -> 0.54561497 | I47: 0 | J47: 2.0015117 | K47: 0 | L47: 2.000278 | M47: =(L47-0)/(L47-K47) -> 1 | N47: =(M47*B47)+(1-M47)*C47 -> -99.388126 | O47: =(C47-N47)*27.2114 -> 0.54561497 | P47: =O47-E47 -> 0.0011380651
A48: revPBE | B48: -99.393597 | C48: -99.374022 | D48: =(C48-B48)*27.2114 -> 0.53263866 | E48: 0.5444769 | F48: =D48-E48 -> -0.011838235 | H48: =D48-G48 -> 0.53263866 | I48: 0.071706662 | J48: 2.002469 | K48: -0.001331 | L48: 2.000282 | M48: =(L48-0)/(L48-K48) -> 0.99933504 | N48: =(M48*B48)+(1-M48)*C48 -> -99.393583 | O48: =(C48-N48)*27.2114 -> 0.53228448 | P48: =O48-E48 -> -0.012192421
A49: SCAN | B49: -99.393383 | C49: -99.374556 | D49: =(C49-B49)*27.2114 -> 0.51231175 | E49: 0.5444769 | F49: =D49-E49 -> -0.032165151 | H49: =D49-G49 -> 0.51231175 | I49: 0.17002541 | J49: 2.0041327 | K49: -0.005101 | L49: 2.000279 | M49: =(L49-0)/(L49-K49) -> 0.99745634 | N49: =(M49*B49)+(1-M49)*C49 -> -99.393335 | O49: =(C49-N49)*27.2114 -> 0.5110086 | P49: =O49-E49 -> -0.033468297
A50: SCAN0 | B50: -99.393711 | C50: -99.374995 | D50: =(C50-B50)*27.2114 -> 0.50929183 | E50: 0.5444769 | F50: =D50-E50 -> -0.035185072 | H50: =D50-G50 -> 0.50929183 | I50: 0.15489134 | J50: 2.0037943 | K50: -0.007199 | L50: 2.000276 | M50: =(L50-0)/(L50-K50) -> 0.9964139 | N50: =(M50*B50)+((1-M50)*C50) -> -99.393644 | O50: =(C50-N50)*27.2114 -> 0.50746546 | P50: =O50-E50 -> -0.037011442
P51: improv w/ks
P52: not better than RHF-CC
A54: CN+ | B54: ha | C54: ha | D54: ev | E54: ev (theory) | G54: ev (exp) | I54: singlet | J54: triplet | K54: singlet | L54: triplet | P54: theory | Q54: exp
A55: CCSD(T)/cc-PVTZ | B55: singlet gs | C55: triplet | D55: gap | E55: CMRCI/tz | F55: sgn err | G55: none | H55: sgn err | I55: S^2 HF | J55: S^2 HF | K55: S^2 CC | L55: S^2 CC | M55: alpha | N55: AP singlet | O55: AP Gap | P55: sgn err | Q55: sgn err
A56: hf | B56: -92.044863 | C56: -92.055278 | D56: =(C56-B56)*27.2114 -> -0.28338224 | E56: 0.0990262 | F56: =D56-E56 -> -0.38240844 | H56: =D56-G56 -> -0.28338224 | I56: 1.6473689 | J56: 2.3093367 | K56: 0.494263 | L56: 2.002673 | M56: =(L56-0)/(L56-K56) -> 1.3276715 | N56: =(M56*B56)+(1-M56)*C56 -> -92.041451 | O56: =(C56-N56)*27.2114 -> -0.37623853 | P56: =O56-E56 -> -0.47526473
A57: b3lyp | B57: -92.050099 | C57: -92.055498 | D57: =(C57-B57)*27.2114 -> -0.1469138 | E57: 0.0990262 | F57: =D57-E57 -> -0.24594 | H57: =D57-G57 -> -0.1469138 | I57: 0.95403583 | J57: 2.0051577 | K57: 0.435865 | L57: 2.001536 | M57: =(L57-0)/(L57-K57) -> 1.2783886 | N57: =(M57*B57)+(1-M57)*C57 -> -92.048596 | O57: =(C57-N57)*27.2114 -> -0.18781294 | P57: =O57-E57 -> -0.28683914
A58: lda | B58: -92.052407 | C58: -92.049195 | D58: =(C58-B58)*27.2114 -> 0.087412541 | E58: 0.0990262 | F58: =D58-E58 -> -0.011613659 | H58: =D58-G58 -> 0.087412541 | I58: 0.61571106 | J58: 2.0028164 | K58: 0.303623 | L58: 2.001527 | M58: =(L58-0)/(L58-K58) -> 1.1788222 | N58: =(M58*B58)+(1-M58)*C58 -> -92.052981 | O58: =(C58-N58)*27.2114 -> 0.10304385 | P58: =O58-E58 -> 0.0040176473
A59: revPBE | B59: -92.05787 | C59: -92.055383 | D59: =(C59-B59)*27.2114 -> 0.067678289 | E59: 0.0990262 | F59: =D59-E59 -> -0.031347911 | H59: =D59-G59 -> 0.067678289 | I59: 0.79813729 | J59: 2.0041703 | K59: 0.346554 | L59: 2.001562 | M59: =(L59-0)/(L59-K59) -> 1.2093972 | N59: =(M59*B59)+(1-M59)*C59 -> -92.058391 | O59: =(C59-N59)*27.2114 -> 0.081849932 | P59: =O59-E59 -> -0.017176268
A60: SCAN | B60: -92.048495 | C60: -92.055827 | D60: =(C60-B60)*27.2114 -> -0.19951154 | E60: 0.0990262 | F60: =D60-E60 -> -0.29853774 | H60: =D60-G60 -> -0.19951154 | I60: 0.93696978 | J60: 2.0127178 | K60: 0.382069 | L60: 2.001739 | M60: =(L60-0)/(L60-K60) -> 1.2358931 | N60: =(M60*B60)+(1-M60)*C60 -> -92.046765 | O60: =(C60-N60)*27.2114 -> -0.24657493 | P60: =O60-E60 -> -0.34560113
A61: SCAN0 | B61: -92.047904 | C61: -92.056169 | D61: =(C61-B61)*27.2114 -> -0.22491283 | E61: 0.0990262 | F61: =D61-E61 -> -0.32393903 | H61: =D61-G61 -> -0.22491283 | I61: 1.0789333 | J61: 2.0263632 | K61: 0.405705 | L61: 2.001868 | M61: =(L61-0)/(L61-K61) -> 1.2541752 | N61: =(M61*B61)+((1-M61)*C61) -> -92.045803 | O61: =(C61-N61)*27.2114 -> -0.28208009 | P61: =O61-E61 -> -0.38110629
P62: improv w/ks
P63: not better than RHF-CC
A65: O2 | B65: ha | C65: ha | D65: ev | E65: ev (theory) | G65: ev (exp) | I65: singlet | J65: triplet | K65: singlet | L65: triplet | P65: theory | Q65: exp
A66: CCSD(T)/cc-PVTZ | B66: singlet | C66: triplet gs | D66: gap | E66: GVB/dz(d-fxns a=.9) | F66: sgn err | H66: sgn err | I66: S^2 HF | J66: S^2 HF | K66: S^2 CC | L66: S^2 CC | M66: alpha | N66: AP singlet | O66: AP Gap | P66: sgn err | Q66: sgn err
A67: hf | B67: -150.1102 | C67: -150.1278 | D67: =(B67-C67)*27.2114 -> 0.47886676 | E67: 1.089 | F67: =D67-E67 -> -0.61013324 | G67: 0.982 | H67: =D67-G67 -> -0.50313324 | I67: 1.0192116 | J67: 2.0451928 | K67: 1.181039 | L67: 2.000754 | M67: =(L67-0)/(L67-K67) -> 2.4407922 | N67: =(M67*B67)+(1-M67)*C67 -> -150.08484 | O67: =(N67-C67)*27.2114 -> 1.1688143 | P67: =O67-E67 -> 0.079814269 | Q67: =O67-G67 -> 0.18681427
A68: b3lyp | B68: -150.11026 | C68: -150.12645 | D68: =(B68-C68)*27.2114 -> 0.4406225 | E68: 1.089 | F68: =D68-E68 -> -0.6483775 | G68: 0.984 | H68: =D68-G68 -> -0.5433775 | I68: 1.0049116 | J68: 2.008584 | K68: 1.188254 | L68: 2.000782 | M68: =(L68-0)/(L68-K68) -> 2.4624161 | N68: =(M68*B68)+(1-M68)*C68 -> -150.08658 | O68: =(N68-C68)*27.2114 -> 1.0849959 | P68: =O68-E68 -> -0.0040040794 | Q68: =O68-G68 -> 0.10099592
A69: lda | B69: -150.10404 | C69: -150.12014 | D69: =(B69-C69)*27.2114 -> 0.43831089 | E69: 1.089 | F69: =D69-E69 -> -0.65068911 | G69: 0.984 | H69: =D69-G69 -> -0.54568911 | I69: 1.0010825 | J69: 2.0033709 | K69: 1.193881 | L69: 2.000776 | M69: =(L69-0)/(L69-K69) -> 2.479599 | N69: =(M69*B69)+(1-M69)*C69 -> -150.0802 | O69: =(N69-C69)*27.2114 -> 1.0868352 | P69: =O69-E69 -> -0.0021647724 | Q69: =O69-G69 -> 0.10283523
A70: revPBE | B70: -150.11033 | C70: -150.12649 | D70: =(B70-C70)*27.2114 -> 0.43963146 | E70: 1.089 | F70: =D70-E70 -> -0.64936854 | G70: 0.984 | H70: =D70-G70 -> -0.54436854 | I70: 1.0025681 | J70: 2.00443 | K70: 1.190109 | L70: 2.000773 | M70: =(L70-0)/(L70-K70) -> 2.4680669 | N70: =(M70*B70)+(1-M70)*C70 -> -150.08661 | O70: =(N70-C70)*27.2114 -> 1.0850399 | P70: =O70-E70 -> -0.0039601372 | Q70: =O70-G70 -> 0.10103986
A71: SCAN | B71: -150.11049 | C71: -150.12678 | D71: =(B71-C71)*27.2114 -> 0.44317738 | E71: 1.089 | F71: =D71-E71 -> -0.64582262 | G71: 0.984 | H71: =D71-G71 -> -0.54082262 | I71: 1.0054754 | J71: 2.0090193 | K71: 1.186609 | L71: 2.000805 | M71: =(L71-0)/(L71-K71) -> 2.4573997 | N71: =(M71*B71)+(1-M71)*C71 -> -150.08675 | O71: =(N71-C71)*27.2114 -> 1.089064 | P71: =O71-E71 -> 6.3951527e-05 | Q71: =O71-G71 -> 0.10506395
A72: SCAN0 | B72: -150.11093 | C72: -150.12724 | D72: =(B72-C72)*27.2114 -> 0.443708 | E72: 1.089 | F72: =D72-E72 -> -0.645292 | G72: 0.984 | H72: =D72-G72 -> -0.540292 | I72: 1.0090412 | J72: 2.0147275 | K72: 1.184211 | L72: 2.000791 | M72: =(L72-0)/(L72-K72) -> 2.4502082 | N72: =(M72*B72)+((1-M72)*C72) -> -150.08729 | O72: =(N72-C72)*27.2114 -> 1.087177 | P72: =O72-E72 -> -0.0018230266 | Q72: =O72-G72 -> 0.10317697
P73: improv w/ks
P74: better than RHF-CC
A76: NH | B76: ha | C76: ha | D76: ev | E76: ev (theory) | G76: ev (exp) | I76: singlet | J76: triplet | K76: singlet | L76: triplet | P76: theory | Q76: exp
A77: CCSD(T)/cc-PVTZ | B77: singlet | C77: triplet gs | D77: gap | E77: MRD/basisD | F77: sgn err | G77: exp | H77: sgn err | I77: S^2 HF | J77: S^2 HF | K77: S^2 CC | L77: S^2 CC | M77: alpha | N77: AP singlet | O77: AP Gap | P77: sgn err | Q77: sgn err
A78: hf | B78: -55.12502 | C78: -55.14092 | D78: =(B78-C78)*27.2114 -> 0.43265963 | E78: =(41/627.5)*27.2114 -> 1.777956 | F78: =D78-E78 -> -1.3452964 | G78: =(36/627.5)*27.2114 -> 1.5611321 | H78: =D78-G78 -> -1.1284725 | I78: 1.0106074 | J78: 2.0156349 | K78: 1.528116 | L78: 2.000322 | M78: =(L78-0)/(L78-K78) -> 4.2361215 | N78: =(M78*B78)+(1-M78)*C78 -> -55.073566 | O78: =(N78-C78)*27.2114 -> 1.8327988 | P78: =O78-E78 -> 0.054842744 | Q78: =O78-G78 -> 0.27166665
A79: b3lyp | B79: -55.125216 | C79: -55.1401 | D79: =(B79-C79)*27.2114 -> 0.40501584 | E79: =(41/627.5)*27.2114 -> 1.777956 | F79: =D79-E79 -> -1.3729402 | G79: =(36/627.5)*27.2114 -> 1.5611321 | H79: =D79-G79 -> -1.1561163 | I79: 1.003602 | J79: 2.005265 | K79: 1.556498 | L79: 2.000255 | M79: =(L79-0)/(L79-K79) -> 4.5075458 | N79: =(M79*B79)+(1-M79)*C79 -> -55.073009 | O79: =(N79-C79)*27.2114 -> 1.8256274 | P79: =O79-E79 -> 0.047671423 | Q79: =O79-G79 -> 0.26449533
A80: lda | B80: -55.122672 | C80: -55.136963 | D80: =(B80-C80)*27.2114 -> 0.38887812 | E80: =(41/627.5)*27.2114 -> 1.777956 | F80: =D80-E80 -> -1.3890779 | G80: =(36/627.5)*27.2114 -> 1.5611321 | H80: =D80-G80 -> -1.172254 | I80: 1.0014655 | J80: 2.0047837 | K80: 1.572909 | L80: 2.000252 | M80: =(L80-0)/(L80-K80) -> 4.680671 | N80: =(M80*B80)+(1-M80)*C80 -> -55.070071 | O80: =(N80-C80)*27.2114 -> 1.8202105 | P80: =O80-E80 -> 0.042254522 | Q80: =O80-G80 -> 0.25907843
A81: revPBE | B81: -55.12516 | C81: -55.140091 | D81: =(B81-C81)*27.2114 -> 0.40628852 | E81: =(41/627.5)*27.2114 -> 1.777956 | F81: =D81-E81 -> -1.3716675 | G81: =(36/627.5)*27.2114 -> 1.5611321 | H81: =D81-G81 -> -1.1548436 | I81: 1.0038765 | J81: 2.0050492 | K81: 1.554742 | L81: 2.000252 | M81: =(L81-0)/(L81-K81) -> 4.4898027 | N81: =(M81*B81)+(1-M81)*C81 -> -55.073054 | O81: =(N81-C81)*27.2114 -> 1.8241553 | P81: =O81-E81 -> 0.046199256 | Q81: =O81-G81 -> 0.26302316
A82: SCAN | B82: -55.124772 | C82: -55.140317 | D82: =(B82-C82)*27.2114 -> 0.42300285 | E82: =(41/627.5)*27.2114 -> 1.777956 | F82: =D82-E82 -> -1.3549532 | G82: =(36/627.5)*27.2114 -> 1.5611321 | H82: =D82-G82 -> -1.1381293 | I82: 1.0067746 | J82: 2.0086719 | K82: 1.53938 | L82: 2.000277 | M82: =(L82-0)/(L82-K82) -> 4.3399653 | N82: =(M82*B82)+(1-M82)*C82 -> -55.072852 | O82: =(N82-C82)*27.2114 -> 1.8358177 | P82: =O82-E82 -> 0.057861668 | Q82: =O82-G82 -> 0.27468557
A83: SCAN0 | B83: -55.124982 | C83: -55.140568 | D83: =(B83-C83)*27.2114 -> 0.42409892 | E83: =(41/627.5)*27.2114 -> 1.777956 | F83: =D83-E83 -> -1.3538571 | G83: =(36/627.5)*27.2114 -> 1.5611321 | H83: =D83-G83 -> -1.1370332 | I83: 1.0072096 | J83: 2.0091931 | K83: 1.5382 | L83: 2.000282 | M83: =(L83-0)/(L83-K83) -> 4.3288464 | N83: =(M83*B83)+((1-M83)*C83) -> -55.073101 | O83: =(N83-C83)*27.2114 -> 1.8358591 | P83: =O83-E83 -> 0.057903069 | Q83: =O83-G83 -> 0.27472697
P84: improv w/ks
P85: better than RHF-CC
A89: BN | B89: singlet | C89: singlet | D89: singlet | E89: triplet gs | F89: triplet gs | G89: singlet alpha | H89: singlet beta | I89: triplet gs alpha | J89: triplet gs beta
A90: CCSD(T)/cc-PVTZ | B90: sqrt Ncorr | C90: sqrt t1^2 | D90: T1 | E90: sqrt t1^2 | F90: T1 | G90: ||Fia||^2 | H90: ||Fia||^2 | I90: ||Fia||^2 | J90: ||Fia||^2
A91: hf | B91: =SQRT(8) -> 2.8284271 | C91: =SQRT(0.1601) -> 0.40012498 | D91: =C91/B91 -> 0.14146554 | E91: =SQRT(0.0324) -> 0.18 | F91: =E91/B91 -> 0.06363961 | G91: 0 | H91: 0 | I91: 0 | J91: 0
A92: b3lyp | B92: =SQRT(8) -> 2.8284271 | C92: =SQRT(0.0028) -> 0.052915026 | D92: =C92/B92 -> 0.018708287 | E92: =SQRT(0.0019) -> 0.043588989 | F92: =E92/B92 -> 0.015411035 | G92: 0.15745609 | H92: 0.14606134 | I92: 0.15296658 | J92: 0.14965486
A93: lda | B93: =SQRT(8) -> 2.8284271 | C93: =SQRT(0.0198) -> 0.14071247 | D93: =C93/B93 -> 0.049749372 | E93: =SQRT(0.0062) -> 0.078740079 | F93: =E93/B93 -> 0.027838822 | G93: 0.28168299 | H93: 0.27967162 | I93: 0.27557445 | J93: 0.26958578
A94: revPBE | B94: =SQRT(8) -> 2.8284271 | C94: =SQRT(0.0058) -> 0.076157731 | D94: =C94/B94 -> 0.026925824 | E94: =SQRT(0.003) -> 0.054772256 | F94: =E94/B94 -> 0.019364917 | G94: 0.16131468 | H94: 0.15752988 | I94: 0.15036224 | J94: 0.14975445
A95: SCAN | B95: =SQRT(8) -> 2.8284271 | C95: =SQRT(0.0025) -> 0.05 | D95: =C95/B95 -> 0.01767767 | E95: =SQRT(0.0012) -> 0.034641016 | F95: =E95/B95 -> 0.012247449 | G95: 0.1177291 | H95: 0.12576947 | I95: 0.12680141 | J95: 0.11576906
A96: SCAN0 | B96: =SQRT(8) -> 2.8284271 | C96: =SQRT(0.0009) -> 0.03 | D96: =C96/B96 -> 0.010606602 | E96: =SQRT(0.0017) -> 0.041231056 | F96: =E96/B96 -> 0.01457738 | G96: 0.090314465 | H96: 0.095973999 | I96: 0.096157899 | J96: 0.088869741
A98: C2 | B98: singlet gs | C98: singlet gs | D98: singlet gs | E98: triplet | F98: triplet | G98: singlet gs alpha | H98: singlet gs beta | I98: triplet alpha | J98: triplet alpha
A99: CCSD(T)/cc-PVTZ | B99: sqrt Ncorr | C99: sqrt t1^2 | D99: T1 | E99: sqrt t1^2 | F99: T1 | G99: ||Fia||^2 | H99: ||Fia||^2 | I99: ||Fia||^2 | J99: ||Fia||^2
A100: hf | B100: =SQRT(8) -> 2.8284271 | C100: =SQRT(0.166) -> 0.40743098 | D100: =C100/B100 -> 0.1440486 | E100: =SQRT(0.226) -> 0.47539457 | F100: =E100/B100 -> 0.16807736 | G100: 0 | H100: 0 | I100: 0 | J100: 0
A101: b3lyp | B101: =SQRT(8) -> 2.8284271 | C101: =SQRT(0.0124) -> 0.11135529 | D101: =C101/B101 -> 0.039370039 | E101: =SQRT(0.0011) -> 0.033166248 | F101: =E101/B101 -> 0.011726039 | G101: 0.15770903 | H101: 0.15770874 | I101: 0.15252177 | J101: 0.14972135
A102: lda | B102: =SQRT(8) -> 2.8284271 | C102: =SQRT(0.127) -> 0.35637059 | D102: =C102/B102 -> 0.12599603 | E102: =SQRT(0.0029) -> 0.053851648 | F102: =E102/B102 -> 0.019039433 | G102: 0.27910601 | H102: 0.27910601 | I102: 0.27121787 | J102: 0.26510017
A103: revPBE | B103: =SQRT(8) -> 2.8284271 | C103: =SQRT(0.1703) -> 0.41267421 | D103: =C103/B103 -> 0.14590236 | E103: =SQRT(0.0011) -> 0.033166248 | F103: =E103/B103 -> 0.011726039 | G103: 0.16105346 | H103: 0.16105346 | I103: 0.14944588 | J103: 0.15029576
A104: SCAN | B104: =SQRT(8) -> 2.8284271 | C104: =SQRT(0.2293) -> 0.4788528 | D104: =C104/B104 -> 0.16930003 | E104: =SQRT(0.0008) -> 0.028284271 | F104: =E104/B104 -> 0.01 | G104: 0.1274633 | H104: 0.1274633 | I104: 0.1248775 | J104: 0.11666685
A105: SCAN0 | B105: =SQRT(8) -> 2.8284271 | C105: =SQRT(0.0362) -> 0.19026298 | D105: =C105/B105 -> 0.06726812 | E105: =SQRT(0.0006) -> 0.024494897 | F105: =E105/B105 -> 0.008660254 | G105: 0.092646075 | H105: 0.092646048 | I105: 0.094518002 | J105: 0.088974817
A107: CH2 | C107: singlet | D107: triplet gs | E107: singlet | F107: triplet gs | G107: singlet alpha | H107: singlet beta | I107: triplet gs alpha | J107: triplet gs beta
A108: CCSD(T)/cc-PVTZ | B108: Ncorr | C108: t1^2 | D108: t1^2 | E108: T1 | F108: T1 | G108: ||Fia||^2 | H108: ||Fia||^2 | I108: ||Fia||^2 | J108: ||Fia||^2
A109: hf | B109: 8 | C109: 0.0213 | D109: 0.0014 | E109: =SQRT(C109)/SQRT(B109) -> 0.051599419 | F109: =SQRT(D109)/SQRT(B109) -> 0.013228757 | G109: 0 | H109: 0 | I109: 0 | J109: 0
A110: b3lyp | B110: 8 | C110: 0.0037 | D110: 0.0013 | E110: =SQRT(C110)/SQRT(B110) -> 0.021505813 | F110: =SQRT(D110)/SQRT(B110) -> 0.012747549 | G110: 0.11020227 | H110: 0.11020183 | I110: 0.11047795 | J110: 0.10776651
A111: lda | B111: 8 | C111: 0.0042 | D111: 0.0034 | E111: =SQRT(C111)/SQRT(B111) -> 0.022912878 | F111: =SQRT(D111)/SQRT(B111) -> 0.020615528 | G111: 0.19352171 | H111: 0.19352171 | I111: 0.19107709 | J111: 0.18888437
A112: revPBE | B112: 8 | C112: 0.0114 | D112: 0.001 | E112: =SQRT(C112)/SQRT(B112) -> 0.037749172 | F112: =SQRT(D112)/SQRT(B112) -> 0.01118034 | G112: 0.11046906 | H112: 0.11046906 | I112: 0.10708681 | J112: 0.10922713
...

Sheet SFigure39-45
B2: UCCSD(T)/cc-pVTZ | ST or TS Gap (eV) | J2: UCCSD(T)/cc-pVTZ | Signed Errors (eV) versus Theoretical reference data
B3: HF | C3: B3LYP | D3: LDA | E3: revPBE | F3: SCAN | G3: SCAN0 | J3: HF | K3: B3LYP | L3: LDA | M3: revPBE | N3: SCAN | O3: SCAN0
A4: BN | B4: 0.342 | C4: 0.3173 | D4: 0.1078 | E4: 0.1985 | F4: 0.3195 | G4: 0.32 | I4: BN | J4: 0.29 | K4: 0.265 | L4: 0.056 | M4: 0.146 | N4: 0.267 | O4: 0.268
A5: C2 | B5: -0.2385 | C5: -0.1423 | D5: 0.047 | E5: 0.0262 | F5: 0.0135 | G5: -0.2107 | I5: C2 | J5: -0.36 | K5: -0.264 | L5: -0.075 | M5: -0.095 | N5: -0.108 | O5: -0.332
A6: CH2 | B6: 0.4458 | C6: 0.4449 | D6: 0.4469 | E6: 0.4447 | F6: 0.4461 | G6: 0.4459 | I6: CH2 | J6: 0.004 | K6: 0.003 | L6: 0.005 | M6: 0.003 | N6: 0.005 | O6: 0.004
A7: NF | B7: 0.4875 | C7: 0.4701 | D7: 0.4567 | E7: 0.4679 | F7: 0.4789 | G7: 0.4812 | I7: NF | J7: -1.044 | K7: -1.061 | L7: -1.075 | M7: -1.063 | N7: -1.052 | O7: -1.05
A8: BO+ | B8: -0.4428 | C8: 0.5303 | D8: 0.5456 | E8: 0.5326 | F8: 0.5123 | G8: 0.5093 | I8: BO+ | J8: -0.987 | K8: -0.014 | L8: 0.001 | M8: -0.012 | N8: -0.032 | O8: -0.035
A9: CN+ | B9: -0.2834 | C9: -0.1469 | D9: 0.0874 | E9: 0.0677 | F9: -0.1995 | G9: -0.2249 | I9: CN+ | J9: -0.382 | K9: -0.246 | L9: -0.012 | M9: -0.031 | N9: -0.299 | O9: -0.324
A10: O2 | B10: 0.4789 | C10: 0.4406 | D10: 0.4383 | E10: 0.4396 | F10: 0.4432 | G10: 0.4437 | I10: O2 | J10: -0.61 | K10: -0.648 | L10: -0.651 | M10: -0.649 | N10: -0.646 | O10: -0.645
A11: NH | B11: 0.4327 | C11: 0.405 | D11: 0.3889 | E11: 0.4063 | F11: 0.423 | G11: 0.4241 | I11: NH | J11: -1.345 | K11: -1.373 | L11: -1.389 | M11: -1.372 | N11: -1.355 | O11: -1.354
B13: AP-UCCSD(T)/cc-pVTZ | ST or TS Gap (eV) | J13: AP-UCCSD(T)/cc-pVTZ | Signed Errors (eV) versus Theoretical reference data
B14: HF | C14: B3LYP | D14: LDA | E14: revPBE | F14: SCAN | G14: SCAN0 | J14: HF | K14: B3LYP | L14: LDA | M14: revPBE | N14: SCAN | O14: SCAN0
A15: BN | B15: 0.43033786 | C15: 0.75457722 | D15: 0.15692001 | E15: 0.39007823 | F15: 0.75533296 | G15: 0.75513663 | I15: BN | J15: 0.378 | K15: 0.7023 | L15: 0.1046 | M15: 0.3378 | N15: 0.703 | O15: 0.7028
A16: C2 | B16: -0.32460472 | C16: -0.17402599 | D16: 0.06063404 | E16: 0.035035984 | F16: 0.018539477 | G16: -0.26937283 | I16: C2 | J16: -0.4461 | K16: -0.2955 | L16: -0.0609 | M16: -0.0865 | N16: -0.103 | O16: -0.3909
A17: CH2 | B17: 0.59417533 | C17: 0.58972618 | D17: 0.59181641 | E17: 0.59107563 | F17: 0.59705053 | G17: 0.59644344 | I17: CH2 | J17: 0.1527 | K17: 0.1483 | L17: 0.1504 | M17: 0.1496 | N17: 0.1556 | O17: 0.155
A18: NF | B18: 1.5827027 | C18: 1.5596407 | D18: 1.5426685 | E18: 1.5504824 | F18: 1.5659287 | G18: 1.5734611 | I18: NF | J18: 0.0515 | K18: 0.0284 | L18: 0.0115 | M18: 0.0193 | N18: 0.0347 | O18: 0.0423
A19: BO+ | B19: -0.97033562 | C19: 0.5298976 | D19: 0.54561497 | E19: 0.53228448 | F19: 0.5110086 | G19: 0.50746546 | I19: BO+ | J19: -1.5148 | K19: -0.0146 | L19: 0.0011 | M19: -0.0122 | N19: -0.0335 | O19: -0.037
A20: CN+ | B20: -0.37623853 | C20: -0.18781294 | D20: 0.10304385 | E20: 0.081849932 | F20: -0.24657493 | G20: -0.28208009 | I20: CN+ | J20: -0.4753 | K20: -0.2868 | L20: 0.004 | M20: -0.0172 | N20: -0.3456 | O20: -0.3811
A21: O2 | B21: 1.1688143 | C21: 1.0849959 | D21: 1.0868352 | E21: 1.0850399 | F21: 1.089064 | G21: 1.087177 | I21: O2 | J21: 0.08 | K21: -0.004 | L21: -0.002 | M21: -0.004 | N21: 0 | O21: -0.002
A22: NH | B22: 1.8327988 | C22: 1.8256274 | D22: 1.8202105 | E22: 1.8241553 | F22: 1.8358177 | G22: 1.8358591 | I22: NH | J22: 0.055 | K22: 0.048 | L22: 0.042 | M22: 0.046 | N22: 0.058 | O22: 0.058
B24: UCCSD(T)/cc-pVTZ | T1 Diagnostic S=0 | J24: UCCSD(T)/cc-pVTZ | T1 Diagnostic S=1
B25: HF | C25: B3LYP | D25: LDA | E25: revPBE | F25: SCAN | G25: SCAN0 | J25: HF | K25: B3LYP | L25: LDA | M25: revPBE | N25: SCAN | O25: SCAN0
A26: BN | B26: 0.141 | C26: 0.019 | D26: 0.05 | E26: 0.027 | F26: 0.018 | G26: 0.011 | I26: BN | J26: 0.064 | K26: 0.015 | L26: 0.028 | M26: 0.019 | N26: 0.012 | O26: 0.015
A27: C2 | B27: 0.144 | C27: 0.039 | D27: 0.126 | E27: 0.146 | F27: 0.169 | G27: 0.067 | I27: C2 | J27: 0.168 | K27: 0.012 | L27: 0.019 | M27: 0.012 | N27: 0.01 | O27: 0.009
A28: CH2 | B28: 0.052 | C28: 0.022 | D28: 0.023 | E28: 0.038 | F28: 0.059 | G28: 0.059 | I28: CH2 | J28: 0.013 | K28: 0.013 | L28: 0.021 | M28: 0.011 | N28: 0.009 | O28: 0.006
A29: NF | B29: 0.033 | C29: 0.014 | D29: 0.031 | E29: 0.022 | F29: 0.012 | G29: 0.006 | I29: NF | J29: 0.033 | K29: 0.014 | L29: 0.029 | M29: 0.023 | N29: 0.015 | O29: 0.01
A30: BO+ | B30: 0.026 | C30: 0.046 | D30: 0.018 | E30: 0.054 | F30: 0.081 | G30: 0.079 | I30: BO+ | J30: 0.032977265 | K30: 0.013693064 | L30: 0.027156951 | M30: 0.022079402 | N30: 0.015 | O30: 0.0093541435
A31: CN+ | B31: 0.145 | C31: 0.326 | D31: 0.133 | E31: 0.158 | F31: 0.055 | G31: 0.073 | I31: CN+ | J31: 0.126 | K31: 0.014 | L31: 0.024 | M31: 0.016 | N31: 0.018 | O31: 0.032
A32: O2 | B32: 0.103 | C32: 0.009 | D32: 0.016 | E32: 0.01 | F32: 0.007 | G32: 0.006 | I32: O2 | J32: 0.024 | K32: 0.009 | L32: 0.017 | M32: 0.012 | N32: 0.008 | O32: 0.005
A33: NH | B33: 0.009 | C33: 0.014 | D33: 0.022 | E33: 0.015 | F33: 0.008 | G33: 0.006 | I33: NH | J33: 0.014 | K33: 0.012 | L33: 0.02 | M33: 0.014 | N33: 0.008 | O33: 0.006
B35: UCCSD(T)/cc-pVTZ | Frobenius ||Fov||^2 Alpha S=0 | J35: UCCSD(T)/cc-pVTZ | Frobenius ||Fov||^2 Alpha S=1
B36: HF | C36: B3LYP | D36: LDA | E36: revPBE | F36: SCAN | G36: SCAN0 | J36: HF | K36: B3LYP | L36: LDA | M36: revPBE | N36: SCAN | O36: SCAN0
A37: BN | B37: 0 | C37: 0.157 | D37: 0.282 | E37: 0.161 | F37: 0.118 | G37: 0.0903 | I37: BN | J37: 0 | K37: 0.153 | L37: 0.276 | M37: 0.15 | N37: 0.127 | O37: 0.0962
A38: C2 | B38: 0 | C38: 0.158 | D38: 0.279 | E38: 0.161 | F38: 0.127 | G38: 0.0926 | I38: C2 | J38: 0 | K38: 0.153 | L38: 0.271 | M38: 0.149 | N38: 0.125 | O38: 0.0945
A39: CH2 | B39: 0 | C39: 0.11 | D39: 0.194 | E39: 0.11 | F39: 0.089 | G39: 0.0682 | I39: CH2 | J39: 0 | K39: 0.11 | L39: 0.191 | M39: 0.107 | N39: 0.0902 | O39: 0.0681
A40: NF | B40: 0 | C40: 0.211 | D40: 0.376 | E40: 0.21 | F40: 0.183 | G40: 0.138 | I40: NF | J40: 0 | K40: 0.2 | L40: 0.363 | M40: 0.194 | N40: 0.176 | O40: 0.133
A41: BO+ | B41: 0 | C41: 0.176 | D41: 0.308 | E41: 0.18 | F41: 0.145 | G41: 0.109 | I41: BO+ | J41: 0 | K41: 0.165 | L41: 0.303 | M41: 0.166 | N41: 0.141 | O41: 0.106
A42: CN+ | B42: 0 | C42: 0.179 | D42: 0.31 | E42: 0.183 | F42: 0.147 | G42: 0.102 | I42: CN+ | J42: 0 | K42: 0.171 | L42: 0.301 | M42: 0.17 | N42: 0.144 | O42: 0.109
A43: O2 | B43: 0 | C43: 0.216 | D43: 0.375 | E43: 0.212 | F43: 0.186 | G43: 0.14 | I43: O2 | J43: 0 | K43: 0.198 | L43: 0.359 | M43: 0.189 | N43: 0.174 | O43: 0.131
A44: NH | B44: 0 | C44: 0.124 | D44: 0.226 | E44: 0.118 | F44: 0.0967 | G44: 0.0736 | I44: NH | J44: 0 | K44: 0.122 | L44: 0.219 | M44: 0.113 | N44: 0.1 | O44: 0.0753
B46: UCCSD(T)/cc-pVTZ | Frobenius ||Fov||^2 Beta S=0 | J46: UCCSD(T)/cc-pVTZ | Frobenius ||Fov||^2 Beta S=1
B47: HF | C47: B3LYP | D47: LDA | E47: revPBE | F47: SCAN | G47: SCAN0 | J47: HF | K47: B3LYP | L47: LDA | M47: revPBE | N47: SCAN | O47: SCAN0
A48: BN | B48: 0 | C48: 0.146 | D48: 0.28 | E48: 0.158 | F48: 0.126 | G48: 0.096 | I48: BN | J48: 0 | K48: 0.15 | L48: 0.27 | M48: 0.15 | N48: 0.116 | O48: 0.0889
A49: C2 | B49: 0 | C49: 0.158 | D49: 0.279 | E49: 0.161 | F49: 0.127 | G49: 0.0926 | I49: C2 | J49: 0 | K49: 0.15 | L49: 0.265 | M49: 0.15 | N49: 0.117 | O49: 0.089
A50: CH2 | B50: 0 | C50: 0.11 | D50: 0.194 | E50: 0.11 | F50: 0.089 | G50: 0.0682 | I50: CH2 | J50: 0 | K50: 0.108 | L50: 0.189 | M50: 0.109 | N50: 0.0791 | O50: 0.0616
A51: NF | B51: 0 | C51: 0.211 | D51: 0.376 | E51: 0.21 | F51: 0.183 | G51: 0.138 | I51: NF | J51: 0 | K51: 0.22 | L51: 0.379 | M51: 0.223 | N51: 0.184 | O51: 0.139
A52: BO+ | B52: 0 | C52: 0.176 | D52: 0.308 | E52: 0.18 | F52: 0.145 | G52: 0.109 | I52: BO+ | J52: 0 | K52: 0.162 | L52: 0.297 | M52: 0.163 | N52: 0.127 | O52: 0.0982
A53: CN+ | B53: 0 | C53: 0.169 | D53: 0.31 | E53: 0.183 | F53: 0.134 | G53: 0.11 | I53: CN+ | J53: 0 | K53: 0.168 | L53: 0.296 | M53: 0.17 | N53: 0.131 | O53: 0.0994
A54: O2 | B54: 0 | C54: 0.216 | D54: 0.375 | E54: 0.212 | F54: 0.186 | G54: 0.14 | I54: O2 | J54: 0 | K54: 0.231 | L54: 0.385 | M54: 0.23 | N54: 0.191 | O54: 0.145
A55: NH | B55: 0 | C55: 0.124 | D55: 0.226 | E55: 0.118 | F55: 0.0967 | G55: 0.0736 | I55: NH | J55: 0 | K55: 0.121 | L55: 0.219 | M55: 0.117 | N55: 0.0892 | O55: 0.0691
B57: UCCSD(T)/cc-pVTZ | SCF S^2 S=0 | J57: UCCSD(T)/cc-pVTZ | SCF S^2 S=1
B58: HF | C58: B3LYP | D58: LDA | E58: revPBE | F58: SCAN | G58: SCAN0 | J58: HF | K58: B3LYP | L58: LDA | M58: revPBE | N58: SCAN | O58: SCAN0
A59: BN | B59: 1.2995652 | C59: 1.0129081 | D59: 0.48668881 | E59: 0.78249442 | F59: 1.0224172 | G59: 1.0275872 | I59: BN | J59: 2.0555425 | K59: 2.0033324 | L59: 2.0024669 | M59: 2.0038526 | N59: 2.0061466 | O59: 2.0069675
A60: C2 | B60: 1.6976357 | C60: 0.76724251 | D60: 0.73711197 | E60: 0.88976841 | F60: 1.0322268 | G60: 1.0808446 | I60: C2 | J60: 2.2525044 | K60: 2.0041844 | L60: 2.0022607 | M60: 2.002945 | N60: 2.005371 | O60: 2.0069735
A61: CH2 | B61: 0.72053041 | C61: 0.58387233 | D61: 0.55009184 | E61: 0.65597194 | F61: 0.74440758 | G61: 0.74398347 | I61: CH2 | J61: 2.0162747 | K61: 2.0052577 | L61: 2.0045606 | M61: 2.0061207 | N61: 2.0101045 | O61: 2.010212
A62: NF | B62: 1.0135781 | C62: 1.0042751 | D62: 1.0013839 | E62: 1.0035871 | F62: 1.0066181 | G62: 1.0079824 | I62: NF | J62: 2.0215005 | K62: 2.0064558 | L62: 2.0037617 | M62: 2.0049006 | N62: 2.0116928 | O62: 2.0133988
A63: BO+ | B63: 1.0191907 | C63: 0.049108828 | D63: 0 | E63: 0.071706662 | F63: 0.17002541 | G63: 0.15489134 | I63: BO+ | J63: 2.0049831 | K63: 2.0019854 | L63: 2.0015117 | M63: 2.002469 | N63: 2.0041327 | O63: 2.0037943
A64: CN+ | B64: 1.6473689 | C64: 0.95403583 | D64: 0.61571106 | E64: 0.79813729 | F64: 0.93696978 | G64: 1.0789333 | I64: CN+ | J64: 2.3093367 | K64: 2.0051577 | L64: 2.0028164 | M64: 2.0041703 | N64: 2.0127178 | O64: 2.0263632
A65: O2 | B65: 1.0192116 | C65: 1.0049116 | D65: 1.0010825 | E65: 1.0025681 | F65: 1.0054754 | G65: 1.0090412 | I65: O2 | J65: 2.0451928 | K65: 2.008584 | L65: 2.0033709 | M65: 2.00443 | N65: 2.0090193 | O65: 2.0147275
A66: NH | B66: 1.0106074 | C66: 1.003602 | D66: 1.0014655 | E66: 1.0038765 | F66: 1.0067746 | G66: 1.0072096 | I66: NH | J66: 2.0156349 | K66: 2.005265 | L66: 2.0047837 | M66: 2.0050492 | N66: 2.0086719 | O66: 2.0091931
B68: UCCSD(T)/cc-pVTZ | CC S^2 S=0 | J68: UCCSD(T)/cc-pVTZ | CC S^2 S=1
B69: HF | C69: B3LYP | D69: LDA | E69: revPBE | F69: SCAN | G69: SCAN0 | J69: HF | K69: B3LYP | L69: LDA | M69: revPBE | N69: SCAN | O69: SCAN0
A70: BN | B70: 0.410818 | C70: 1.159447 | D70: 0.625812 | E70: 0.982528 | F70: 1.154445 | G70: 1.153071 | I70: BN | J70: 2.001046 | K70: 2.000868 | L70: 2.000903 | M70: 2.000914 | N70: 2.000904 | O70: 2.000896
A71: C2 | B71: 0.530364 | C71: 0.364842 | D71: 0.451519 | E71: 0.505521 | F71: 0.539872 | G71: 0.435658 | I71: C2 | J71: 1.999986 | K71: 2.001337 | L71: 2.00136 | M71: 2.001373 | N71: 2.001393 | O71: 2.001339
A72: CH2 | B72: 0.499528 | C72: 0.49125 | D72: 0.489748 | E72: 0.495403 | F72: 0.505816 | G72: 0.504782 | I72: CH2 | J72: 2.000363 | K72: 2.000295 | L72: 2.000291 | M72: 2.000301 | N72: 2.000325 | O72: 2.000328
A73: NF | B73: 1.384459 | C73: 1.397691 | D73: 1.408561 | E73: 1.397011 | F73: 1.388949 | G73: 1.388867 | I73: NF | J73: 2.000777 | K73: 2.000806 | L73: 2.000839 | M73: 2.000828 | N73: 2.000822 | O73: 2.000799
A74: BO+ | B74: 1.087404 | C74: -0.001616 | D74: 0 | E74: -0.001331 | F74: -0.005101 | G74: -0.007199 | I74: BO+ | J74: 2.000269 | K74: 2.000277 | L74: 2.000278 | M74: 2.000282 | N74: 2.000279 | O74: 2.000276
A75: CN+ | B75: 0.494263 | C75: 0.435865 | D75: 0.303623 | E75: 0.346554 | F75: 0.382069 | G75: 0.405705 | I75: CN+ | J75: 2.002673 | K75: 2.001536 | L75: 2.001527 | M75: 2.001562 | N75: 2.001739 | O75: 2.001868
A76: O2 | B76: 1.181039 | C76: 1.188254 | D76: 1.193881 | E76: 1.190109 | F76: 1.186609 | G76: 1.184211 | I76: O2 | J76: 2.000754 | K76: 2.000782 | L76: 2.000776 | M76: 2.000773 | N76: 2.000805 | O76: 2.000791
A77: NH | B77: 1.528116 | C77: 1.556498 | D77: 1.572909 | E77: 1.554742 | F77: 1.53938 | G77: 1.5382 | I77: NH | J77: 2.000322 | K77: 2.000255 | L77: 2.000252 | M77: 2.000252 | N77: 2.000277 | O77: 2.000282

Sheet SFigure7-Data-1
A1: HF | B1: orb | C1: kt | D1: d2 | E1: kt | F1: d2 | G1: ps | H1: p3 | I1: p3 | J1: ps | K1: p3+ | L1: p3+ | M1: ps | N1: exp | O1: sgn err kt | P1: sgn err d2 | Q1: sgn err p3 | R1: sgn err p3+
A2: n2 | B2: 3sgg | C2: -0.63291374 | D2: -0.55366482 | E2: =C2*27.2114 -> -17.222469 | F2: =D2*27.2114 -> -15.065995 | G2: 0.88387124 | H2: -0.58635967 | I2: =H2*27.2114 -> -15.955667 | J2: 0.90743298 | K2: -0.58027696 | L2: =K2*27.2114 -> -15.790148 | M2: 0.90284026 | N2: 15.58 | O2: =-E2-N2 -> 1.6424688 | P2: =-F2-N2 -> -0.51400522 | Q2: =-I2-N2 -> 0.37566747 | R2: =-L2-N2 -> 0.21014842
B3: 1piu | C3: -0.61194717 | D3: -0.63049395 | E3: =C3*27.2114 -> -16.651939 | F3: =D3*27.2114 -> -17.156623 | G3: 0.91478261 | H3: -0.63598608 | I3: =H3*27.2114 -> -17.306072 | J3: 0.91763347 | K3: -0.63542917 | L3: =K3*27.2114 -> -17.290917 | M3: 0.91734303 | N3: 16.93 | O3: =-E3-N3 -> -0.27806073 | P3: =-F3-N3 -> 0.22662318 | Q3: =-I3-N3 -> 0.37607169 | R3: =-L3-N3 -> 0.36091734
B4: 2sgu | C4: -0.77899787 | D4: -0.66792018 | E4: =C4*27.2114 -> -21.197623 | F4: =D4*27.2114 -> -18.175043 | G4: 0.84752485 | H4: -0.7068641 | I4: =H4*27.2114 -> -19.234762 | J4: 0.87860216 | K4: -0.69877655 | L4: =K4*27.2114 -> -19.014688 | M4: 0.87168268 | N4: 19.75 | O4: =-E4-N4 -> 1.4476225 | P4: =-F4-N4 -> -1.5749568 | Q4: =-I4-N4 -> -0.51523812 | R4: =-L4-N4 -> -0.73531181
A5: h2o | B5: 1b1 | C5: -0.5031622 | D5: -0.41071833 | E5: =C5*27.2114 -> -13.691748 | F5: =D5*27.2114 -> -11.176221 | G5: 0.88096802 | H5: -0.45463791 | I5: =H5*27.2114 -> -12.371334 | J5: 0.92125435 | K5: -0.44720305 | L5: =K5*27.2114 -> -12.169021 | M5: 0.91386343 | N5: 12.62 | O5: =-E5-N5 -> 1.0717479 | P5: =-F5-N5 -> -1.4437791 | Q5: =-I5-N5 -> -0.24866608 | R5: =-L5-N5 -> -0.45097903
A6: co | B6: 5sgg | C6: -0.55416253 | D6: -0.51634944 | E6: =C6*27.2114 -> -15.079538 | F6: =D6*27.2114 -> -14.050591 | G6: 0.91299065 | H6: -0.52428278 | I6: =H6*27.2114 -> -14.266468 | J6: 0.91196602 | K6: -0.52311417 | L6: =K6*27.2114 -> -14.234669 | M6: 0.91213407 | N6: 14.01 | O6: =-E6-N6 -> 1.0695383 | P6: =-F6-N6 -> 0.040591082 | Q6: =-I6-N6 -> 0.2564683 | R6: =-L6-N6 -> 0.22466906
A7: nh3 | B7: 3a1 | C7: -0.42678556 | D7: -0.37412602 | E7: =C7*27.2114 -> -11.613433 | F7: =D7*27.2114 -> -10.180493 | G7: 0.89899093 | H7: -0.39536 | I7: =H7*27.2114 -> -10.758299 | J7: 0.9186086 | K7: -0.39219087 | L7: =K7*27.2114 -> -10.672063 | M7: 0.91555251 | N7: 10.8 | O7: =-E7-N7 -> 0.81343264 | P7: =-F7-N7 -> -0.61950716 | Q7: =-I7-N7 -> -0.041700819 | R7: =-L7-N7 -> -0.12793748
A8: f2 | B8: 1pig | C8: -0.66533287 | D8: -0.52241238 | E8: =C8*27.2114 -> -18.104639 | F8: =D8*27.2114 -> -14.215572 | G8: 0.87066913 | H8: -0.5757918 | I8: =H8*27.2114 -> -15.668101 | J8: 0.89828089 | K8: -0.56636854 | L8: =K8*27.2114 -> -15.411681 | M8: 0.89318168 | N8: 15.87 | O8: =-E8-N8 -> 2.234639 | P8: =-F8-N8 -> -1.6544278 | Q8: =-I8-N8 -> -0.20189897 | R8: =-L8-N8 -> -0.45831914
A9: o3 | B9: 6a1 | C9: -0.54977 | D9: -0.41281 | E9: =C9*27.2114 -> -14.960011 | F9: =D9*27.2114 -> -11.233138 | G9: 0.815 | H9: -0.49932 | I9: =H9*27.2114 -> -13.587196 | J9: 0.899 | K9: -0.47793 | L9: =K9*27.2114 -> -13.005144 | M9: 0.87 | N9: 12.73 | O9: =-E9-N9 -> 2.2300114 | P9: =-F9-N9 -> -1.496862 | Q9: =-I9-N9 -> 0.85719625 | R9: =-L9-N9 -> 0.2751444
A10: h2co | B10: 2b2 | C10: -0.44215253 | D10: -0.36546393 | E10: =C10*27.2114 -> -12.031589 | F10: =D10*27.2114 -> -9.9447853 | G10: 0.88267262 | H10: -0.4015024 | I10: =H10*27.2114 -> -10.925442 | J10: 0.91633916 | K10: -0.39545505 | L10: =K10*27.2114 -> -10.760886 | M10: 0.91027957 | N10: 10.9 | O10: =-E10-N10 -> 1.1315894 | P10: =-F10-N10 -> -0.95521471 | Q10: =-I10-N10 -> 0.025442396 | R10: =-L10-N10 -> -0.13911445
A11: c2h2 | B11: 1piu | C11: -0.40921224 | D11: -0.41616641 | E11: =C11*27.2114 -> -11.135238 | F11: =D11*27.2114 -> -11.324471 | G11: 0.90590522 | H11: -0.42406959 | I11: =H11*27.2114 -> -11.539527 | J11: 0.91305518 | K11: -0.42305846 | L11: =K11*27.2114 -> -11.512013 | M11: 0.91212628 | N11: 11.49 | O11: =-E11-N11 -> -0.35476206 | P11: =-F11-N11 -> -0.16552943 | Q11: =-I11-N11 -> 0.049527183 | R11: =-L11-N11 -> 0.022012866
A12: c2h4 | B12: 1b3u | C12: -0.37635105 | D12: -0.37981663 | E12: =C12*27.2114 -> -10.241039 | F12: =D12*27.2114 -> -10.335342 | G12: 0.9079952 | H12: -0.38817744 | I12: =H12*27.2114 -> -10.562852 | J12: 0.91481828 | K12: -0.38704208 | L12: =K12*27.2114 -> -10.531957 | M12: 0.91387792 | N12: 10.68 | O12: =-E12-N12 -> -0.43896102 | P12: =-F12-N12 -> -0.34465788 | Q12: =-I12-N12 -> -0.11714849 | R12: =-L12-N12 -> -0.1480432
A13: hcn | B13: 1pi | C13: -0.49511339 | D13: -0.50236254 | E13: =C13*27.2114 -> -13.472728 | F13: =D13*27.2114 -> -13.669988 | G13: 0.90126076 | H13: -0.51285623 | I13: =H13*27.2114 -> -13.955536 | J13: 0.91253555 | K13: -0.51154544 | L13: =K13*27.2114 -> -13.919867 | M13: 0.91109136 | N13: 13.61 | O13: =-E13-N13 -> -0.13727151 | P13: =-F13-N13 -> 0.05998805 | Q13: =-I13-N13 -> 0.34553606 | R13: =-L13-N13 -> 0.30986747
A14: nno | B14: 2pi | C14: -0.49040041 | D14: -0.4685272 | E14: =C14*27.2114 -> -13.344482 | F14: =D14*27.2114 -> -12.749281 | G14: 0.86877404 | H14: -0.50538537 | I14: =H14*27.2114 -> -13.752243 | J14: 0.90696779 | K14: -0.49920041 | L14: =K14*27.2114 -> -13.583942 | M14: 0.90004985 | N14: 12.89 | O14: =-E14-N14 -> 0.45448179 | P14: =-F14-N14 -> -0.14071882 | Q14: =-I14-N14 -> 0.86224341 | R14: =-L14-N14 -> 0.6939421
A15: co2 | B15: 1pig | C15: -0.54276 | D15: -0.48146 | E15: =C15*27.2114 -> -14.769259 | F15: =D15*27.2114 -> -13.101201 | G15: 0.875 | H15: -0.5164 | I15: =H15*27.2114 -> -14.051967 | J15: 0.904 | K15: -0.51106 | L15: =K15*27.2114 -> -13.906658 | M15: 0.899 | N15: 13.79 | O15: =-E15-N15 -> 0.97925946 | P15: =-F15-N15 -> -0.68879936 | Q15: =-I15-N15 -> 0.26196696 | R15: =-L15-N15 -> 0.11665808
A16: hf | B16: 1pi | C16: -0.64388968 | D16: -0.53999018 | E16: =C16*27.2114 -> -17.52114 | F16: =D16*27.2114 -> -14.693889 | G16: 0.89959515 | H16: -0.58674623 | I16: =H16*27.2114 -> -15.966186 | J16: 0.93524975 | K16: -0.57976626 | L16: =K16*27.2114 -> -15.776252 | M16: 0.92955182 | N16: 16.19 | O16: =-E16-N16 -> 1.3311397 | P16: =-F16-N16 -> -1.4961111 | Q16: =-I16-N16 -> -0.22381377 | R16: =-L16-N16 -> -0.41374838
... A36: pn | B36: sg | C36: -0.48428412 | D36: -0.40454903 | E36: =C36*27.2114 -> -13.178049 | F36: =D36*27.2114 -> -11.008345 | G36: 0.8357866 | H36: -0.46298873 | I36: =H36*27.2114 -> -12.598572 | J36: 0.92113579 | K36: -0.44852513 | L36: =K36*27.2114 -> -12.204997 | M36: 0.89641591 | N36: 11.88 | O36: =-E36-N36 -> 1.298049 | P36: =-F36-N36 -> -0.87165458 | Q36: =-I36-N36 -> 0.71857158 | R36: =-L36-N36 -> 0.32499661
N38: SGN AVE | O38: =IFERROR(__xludf.DUMMYFUNCTION("ARRAYFORMULA(SUM(FILTER(O2:O36, ROW(O2:O36)<>3, ROW(O2:O36)<>4)) / (ROWS(O2:O36)-2))"),0.815058378964611) -> 0.81505838 | P38: =IFERROR(__xludf.DUMMYFUNCTION("ARRAYFORMULA(SUM(FILTER(P2:P36, ROW(P2:P36)<>3, ROW(P2:P36)<>4)) / (ROWS(P2:P36)-2))"),-0.400333474541741) -> -0.40033347 | Q38: =IFERROR(__xludf.DUMMYFUNCTION("ARRAYFORMULA(SUM(FILTER(Q2:Q36, ROW(Q2:Q36)<>3, ROW(Q2:Q36)<>4)) / (ROWS(Q2:Q36)-2))"),0.201972922884059) -> 0.20197292 | R38: =IFERROR(__xludf.DUMMYFUNCTION("ARRAYFORMULA(SUM(FILTER(R2:R36, ROW(R2:R36)<>3, ROW(R2:R36)<>4)) / (ROWS(R2:R36)-2))"),0.0936191033998893) -> 0.093619103
N39: MAE | O39: =IFERROR(__xludf.DUMMYFUNCTION("ARRAYFORMULA(SUM(ABS(FILTER(O2:O36, ROW(O2:O36)<>3, ROW(O2:O36)<>4))) / (ROWS(O2:O36)-2))"),0.970558943529657) -> 0.97055894 | P39: =IFERROR(__xludf.DUMMYFUNCTION("ARRAYFORMULA(SUM(ABS(FILTER(P2:P36, ROW(P2:P36)<>3, ROW(P2:P36)<>4))) / (ROWS(P2:P36)-2))"),0.650865105651796) -> 0.65086511 | Q39: =IFERROR(__xludf.DUMMYFUNCTION("ARRAYFORMULA(SUM(ABS(FILTER(Q2:Q36, ROW(Q2:Q36)<>3, ROW(Q2:Q36)<>4))) / (ROWS(Q2:Q36)-2))"),0.409667049122543) -> 0.40966705 | R39: =IFERROR(__xludf.DUMMYFUNCTION("ARRAYFORMULA(SUM(ABS(FILTER(R2:R36, ROW(R2:R36)<>3, ROW(R2:R36)<>4))) / (ROWS(R2:R36)-2))"),0.378980032697712) -> 0.37898003
N40: RMSD | O40: =IFERROR(__xludf.DUMMYFUNCTION("ARRAYFORMULA(sqrt(SUM(ABS(FILTER(O2:O36, ROW(O2:O36)<>3, ROW(O2:O36)<>4))^2) / (ROWS(O2:O36)-2)))"),1.14367053662466) -> 1.1436705 | P40: =IFERROR(__xludf.DUMMYFUNCTION("ARRAYFORMULA(sqrt(SUM(ABS(FILTER(P2:P36, ROW(P2:P36)<>3, ROW(P2:P36)<>4))^2) / (ROWS(P2:P36)-2)))"),0.857000974767338) -> 0.85700097 | Q40: =IFERROR(__xludf.DUMMYFUNCTION("ARRAYFORMULA(sqrt(SUM(ABS(FILTER(Q2:Q36, ROW(Q2:Q36)<>3, ROW(Q2:Q36)<>4))^2) / (ROWS(Q2:Q36)-2)))"),0.512607199865353) -> 0.5126072 | R40: =IFERROR(__xludf.DUMMYFUNCTION("ARRAYFORMULA(sqrt(SUM(ABS(FILTER(R2:R36, ROW(R2:R36)<>3, ROW(R2:R36)<>4))^2) / (ROWS(R2:R36)-2)))"),0.473777650238518) -> 0.47377765
O41: semi KT | P41: semi D2 | Q41: semi P3 | R41: semi P3+
O43: AVE PS | P43: =IFERROR(__xludf.DUMMYFUNCTION("AVERAGE(FILTER(G2:G36, (ROW(G2:G36)<>3) * (ROW(G2:G36)<>4)))"),0.899720901345894) -> 0.8997209 | Q43: =IFERROR(__xludf.DUMMYFUNCTION("AVERAGE(FILTER(J2:J36, (ROW(J2:J36)<>3) * (ROW(J2:J36)<>4)))"),0.918883185701217) -> 0.91888319 | R43: =IFERROR(__xludf.DUMMYFUNCTION("AVERAGE(FILTER(M2:M36, (ROW(M2:M36)<>3) * (ROW(M2:M36)<>4)))"),0.9137785999868) -> 0.9137786

Sheet SFigure7-Data-2
A1: HF | B1: orb | C1: kt | D1: d2 | E1: kt | F1: d2 | G1: ps | H1: p3 | I1: p3 | J1: ps | K1: p3+ | L1: p3+ | M1: ps | N1: bd-t1 | O1: sgn err kt | P1: sgn err d2 | Q1: sgn err p3 | R1: sgn err p3+
A2: n2 | B2: 3sgg | C2: -0.63291374 | D2: -0.55366482 | E2: =C2*27.2114 -> -17.222469 | F2: =D2*27.2114 -> -15.065995 | G2: 0.88387124 | H2: -0.58635967 | I2: =H2*27.2114 -> -15.955667 | J2: 0.90743298 | K2: -0.58027696 | L2: =K2*27.2114 -> -15.790148 | M2: 0.90284026 | N2: 15.327 | O2: =-E2-N2 -> 1.8954688 | P2: =-F2-N2 -> -0.26100522 | Q2: =-I2-N2 -> 0.62866747 | R2: =-L2-N2 -> 0.46314842
B3: 1piu | C3: -0.61194717 | D3: -0.63049395 | E3: =C3*27.2114 -> -16.651939 | F3: =D3*27.2114 -> -17.156623 | G3: 0.91478261 | H3: -0.63598608 | I3: =H3*27.2114 -> -17.306072 | J3: 0.91763347 | K3: -0.63542917 | L3: =K3*27.2114 -> -17.290917 | M3: 0.91734303 | N3: 17.051 | O3: =-E3-N3 -> -0.39906073 | P3: =-F3-N3 -> 0.10562318 | Q3: =-I3-N3 -> 0.25507169 | R3: =-L3-N3 -> 0.23991734
B4: 2sgu | C4: -0.77899787 | D4: -0.66792018 | E4: =C4*27.2114 -> -21.197623 | F4: =D4*27.2114 -> -18.175043 | G4: 0.84752485 | H4: -0.7068641 | I4: =H4*27.2114 -> -19.234762 | J4: 0.87860216 | K4: -0.69877655 | L4: =K4*27.2114 -> -19.014688 | M4: 0.87168268 | N4: 18.634 | O4: =-E4-N4 -> 2.5636225 | P4: =-F4-N4 -> -0.45895676 | Q4: =-I4-N4 -> 0.60076188 | R4: =-L4-N4 -> 0.38068819
A5: h2o | B5: 1b1 | C5: -0.5031622 | D5: -0.41071833 | E5: =C5*27.2114 -> -13.691748 | F5: =D5*27.2114 -> -11.176221 | G5: 0.88096802 | H5: -0.45463791 | I5: =H5*27.2114 -> -12.371334 | J5: 0.92125435 | K5: -0.44720305 | L5: =K5*27.2114 -> -12.169021 | M5: 0.91386343 | N5: 12.378 | O5: =-E5-N5 -> 1.3137479 | P5: =-F5-N5 -> -1.2017791 | Q5: =-I5-N5 -> -0.0066660786 | R5: =-L5-N5 -> -0.20897903
A6: co | B6: 5sgg | C6: -0.55416253 | D6: -0.51634944 | E6: =C6*27.2114 -> -15.079538 | F6: =D6*27.2114 -> -14.050591 | G6: 0.91299065 | H6: -0.52428278 | I6: =H6*27.2114 -> -14.266468 | J6: 0.91196602 | K6: -0.52311417 | L6: =K6*27.2114 -> -14.234669 | M6: 0.91213407 | N6: 13.88 | O6: =-E6-N6 -> 1.1995383 | P6: =-F6-N6 -> 0.17059108 | Q6: =-I6-N6 -> 0.3864683 | R6: =-L6-N6 -> 0.35466906
A7: nh3 | B7: 3a1 | C7: -0.42678556 | D7: -0.37412602 | E7: =C7*27.2114 -> -11.613433 | F7: =D7*27.2114 -> -10.180493 | G7: 0.89899093 | H7: -0.39536 | I7: =H7*27.2114 -> -10.758299 | J7: 0.9186086 | K7: -0.39219087 | L7: =K7*27.2114 -> -10.672063 | M7: 0.91555251 | N7: 10.648 | O7: =-E7-N7 -> 0.96543264 | P7: =-F7-N7 -> -0.46750716 | Q7: =-I7-N7 -> 0.11029918 | R7: =-L7-N7 -> 0.024062517
A8: f2 | B8: 1pig | C8: -0.66533287 | D8: -0.52241238 | E8: =C8*27.2114 -> -18.104639 | F8: =D8*27.2114 -> -14.215572 | G8: 0.87066913 | H8: -0.5757918 | I8: =H8*27.2114 -> -15.668101 | J8: 0.89828089 | K8: -0.56636854 | L8: =K8*27.2114 -> -15.411681 | M8: 0.89318168 | N8: 15.467 | O8: =-E8-N8 -> 2.637639 | P8: =-F8-N8 -> -1.2514278 | Q8: =-I8-N8 -> 0.20110103 | R8: =-L8-N8 -> -0.055319137
A9: o3 | B9: 6a1 | C9: -0.54977 | D9: -0.41281 | E9: =C9*27.2114 -> -14.960011 | F9: =D9*27.2114 -> -11.233138 | G9: 0.815 | H9: -0.49932 | I9: =H9*27.2114 -> -13.587196 | J9: 0.899 | K9: -0.47793 | L9: =K9*27.2114 -> -13.005144 | M9: 0.87 | N9: 12.504 | O9: =-E9-N9 -> 2.4560114 | P9: =-F9-N9 -> -1.270862 | Q9: =-I9-N9 -> 1.0831962 | R9: =-L9-N9 -> 0.5011444
A10: h2co | B10: 2b2 | C10: -0.44215253 | D10: -0.36546393 | E10: =C10*27.2114 -> -12.031589 | F10: =D10*27.2114 -> -9.9447853 | G10: 0.88267262 | H10: -0.4015024 | I10: =H10*27.2114 -> -10.925442 | J10: 0.91633916 | K10: -0.39545505 | L10: =K10*27.2114 -> -10.760886 | M10: 0.91027957 | N10: 10.757 | O10: =-E10-N10 -> 1.2745894 | P10: =-F10-N10 -> -0.81221471 | Q10: =-I10-N10 -> 0.1684424 | R10: =-L10-N10 -> 0.0038855477
A11: c2h2 | B11: 1piu | C11: -0.40921224 | D11: -0.41616641 | E11: =C11*27.2114 -> -11.135238 | F11: =D11*27.2114 -> -11.324471 | G11: 0.90590522 | H11: -0.42406959 | I11: =H11*27.2114 -> -11.539527 | J11: 0.91305518 | K11: -0.42305846 | L11: =K11*27.2114 -> -11.512013 | M11: 0.91212628 | N11: 11.446 | O11: =-E11-N11 -> -0.31076206 | P11: =-F11-N11 -> -0.12152943 | Q11: =-I11-N11 -> 0.093527183 | R11: =-L11-N11 -> 0.066012866
A12: c2h4 | B12: 1b3u | C12: -0.37635105 | D12: -0.37981663 | E12: =C12*27.2114 -> -10.241039 | F12: =D12*27.2114 -> -10.335342 | G12: 0.9079952 | H12: -0.38817744 | I12: =H12*27.2114 -> -10.562852 | J12: 0.91481828 | K12: -0.38704208 | L12: =K12*27.2114 -> -10.531957 | M12: 0.91387792 | N12: 10.593 | O12: =-E12-N12 -> -0.35196102 | P12: =-F12-N12 -> -0.25765788 | Q12: =-I12-N12 -> -0.030148492 | R12: =-L12-N12 -> -0.061043204
A13: hcn | B13: 1pi | C13: -0.49511339 | D13: -0.50236254 | E13: =C13*27.2114 -> -13.472728 | F13: =D13*27.2114 -> -13.669988 | G13: 0.90126076 | H13: -0.51285623 | I13: =H13*27.2114 -> -13.955536 | J13: 0.91253555 | K13: -0.51154544 | L13: =K13*27.2114 -> -13.919867 | M13: 0.91109136 | N13: 13.805 | O13: =-E13-N13 -> -0.33227151 | P13: =-F13-N13 -> -0.13501195 | Q13: =-I13-N13 -> 0.15053606 | R13: =-L13-N13 -> 0.11486747
A14: nno | B14: 2pi | C14: -0.49040041 | D14: -0.4685272 | E14: =C14*27.2114 -> -13.344482 | F14: =D14*27.2114 -> -12.749281 | G14: 0.86877404 | H14: -0.50538537 | I14: =H14*27.2114 -> -13.752243 | J14: 0.90696779 | K14: -0.49920041 | L14: =K14*27.2114 -> -13.583942 | M14: 0.90004985 | N14: 12.768 | O14: =-E14-N14 -> 0.57648179 | P14: =-F14-N14 -> -0.018718816 | Q14: =-I14-N14 -> 0.98424341 | R14: =-L14-N14 -> 0.8159421
A15: co2 | B15: 1pig | C15: -0.54276 | D15: -0.48146 | E15: =C15*27.2114 -> -14.769259 | F15: =D15*27.2114 -> -13.101201 | G15: 0.875 | H15: -0.5164 | I15: =H15*27.2114 -> -14.051967 | J15: 0.904 | K15: -0.51106 | L15: =K15*27.2114 -> -13.906658 | M15: 0.899 | N15: 13.672 | O15: =-E15-N15 -> 1.0972595 | P15: =-F15-N15 -> -0.57079936 | Q15: =-I15-N15 -> 0.37996696 | R15: =-L15-N15 -> 0.23465808
A16: hf | B16: 1pi | C16: -0.64388968 | D16: -0.53999018 | E16: =C16*27.2114 -> -17.52114 | F16: =D16*27.2114 -> -14.693889 | G16: 0.89959515 | H16: -0.58674623 | I16: =H16*27.2114 -> -15.966186 | J16: 0.93524975 | K16: -0.57976626 | L16: =K16*27.2114 -> -15.776252 | M16: 0.92955182 | N16: 15.876 | O16: =-E16-N16 -> 1.6451397 | P16: =-F16-N16 -> -1.1821111 | Q16: =-I16-N16 -> 0.090186233 | R16: =-L16-N16 -> -0.099748381
... A36: pn | B36: sg | C36: -0.48428412 | D36: -0.40454903 | E36: =C36*27.2114 -> -13.178049 | F36: =D36*27.2114 -> -11.008345 | G36: 0.8357866 | H36: -0.46298873 | I36: =H36*27.2114 -> -12.598572 | J36: 0.92113579 | K36: -0.44852513 | L36: =K36*27.2114 -> -12.204997 | M36: 0.89641591 | N36: 11.631 | O36: =-E36-N36 -> 1.547049 | P36: =-F36-N36 -> -0.62265458 | Q36: =-I36-N36 -> 0.96757158 | R36: =-L36-N36 -> 0.57399661
N38: SGN AVE | O38: =IFERROR(__xludf.DUMMYFUNCTION("ARRAYFORMULA(SUM(FILTER(O2:O36, ROW(O2:O36)<>3, ROW(O2:O36)<>4)) / (ROWS(O2:O36)-2))"),0.779482621388854) -> 0.77948262 | P38: =IFERROR(__xludf.DUMMYFUNCTION("ARRAYFORMULA(SUM(FILTER(P2:P36, ROW(P2:P36)<>3, ROW(P2:P36)<>4)) / (ROWS(P2:P36)-2))"),-0.435909232117499) -> -0.43590923 | Q38: =IFERROR(__xludf.DUMMYFUNCTION("ARRAYFORMULA(SUM(FILTER(Q2:Q36, ROW(Q2:Q36)<>3, ROW(Q2:Q36)<>4)) / (ROWS(Q2:Q36)-2))"),0.166397165308301) -> 0.16639717 | R38: =IFERROR(__xludf.DUMMYFUNCTION("ARRAYFORMULA(SUM(FILTER(R2:R36, ROW(R2:R36)<>3, ROW(R2:R36)<>4)) / (ROWS(R2:R36)-2))"),0.0580433458241316) -> 0.058043346
N39: MAE | O39: =IFERROR(__xludf.DUMMYFUNCTION("ARRAYFORMULA(SUM(ABS(FILTER(O2:O36, ROW(O2:O36)<>3, ROW(O2:O36)<>4))) / (ROWS(O2:O36)-2))"),0.914893294463119) -> 0.91489329 | P39: =IFERROR(__xludf.DUMMYFUNCTION("ARRAYFORMULA(SUM(ABS(FILTER(P2:P36, ROW(P2:P36)<>3, ROW(P2:P36)<>4))) / (ROWS(P2:P36)-2))"),0.453824029012289) -> 0.45382403 | Q39: =IFERROR(__xludf.DUMMYFUNCTION("ARRAYFORMULA(SUM(ABS(FILTER(Q2:Q36, ROW(Q2:Q36)<>3, ROW(Q2:Q36)<>4))) / (ROWS(Q2:Q36)-2))"),0.274586132184437) -> 0.27458613 | R39: =IFERROR(__xludf.DUMMYFUNCTION("ARRAYFORMULA(SUM(ABS(FILTER(R2:R36, ROW(R2:R36)<>3, ROW(R2:R36)<>4))) / (ROWS(R2:R36)-2))"),0.21016025333852) -> 0.21016025
N40: RMSD | O40: =IFERROR(__xludf.DUMMYFUNCTION("ARRAYFORMULA(sqrt(SUM(ABS(FILTER(O2:O36, ROW(O2:O36)<>3, ROW(O2:O36)<>4))^2) / (ROWS(O2:O36)-2)))"),1.14283429906384) -> 1.1428343 | P40: =IFERROR(__xludf.DUMMYFUNCTION("ARRAYFORMULA(sqrt(SUM(ABS(FILTER(P2:P36, ROW(P2:P36)<>3, ROW(P2:P36)<>4))^2) / (ROWS(P2:P36)-2)))"),0.652782565057342) -> 0.65278257 | Q40: =IFERROR(__xludf.DUMMYFUNCTION("ARRAYFORMULA(sqrt(SUM(ABS(FILTER(Q2:Q36, ROW(Q2:Q36)<>3, ROW(Q2:Q36)<>4))^2) / (ROWS(Q2:Q36)-2)))"),0.400974492724463) -> 0.40097449 | R40: =IFERROR(__xludf.DUMMYFUNCTION("ARRAYFORMULA(sqrt(SUM(ABS(FILTER(R2:R36, ROW(R2:R36)<>3, ROW(R2:R36)<>4))^2) / (ROWS(R2:R36)-2)))"),0.292205600931388) -> 0.2922056
O41: semi KT | P41: semi D2 | Q41: semi P3 | R41: semi P3+
O43: AVE PS | P43: =IFERROR(__xludf.DUMMYFUNCTION("AVERAGE(FILTER(G2:G36, (ROW(G2:G36)<>3) * (ROW(G2:G36)<>4)))"),0.899720901345894) -> 0.8997209 | Q43: =IFERROR(__xludf.DUMMYFUNCTION("AVERAGE(FILTER(J2:J36, (ROW(J2:J36)<>3) * (ROW(J2:J36)<>4)))"),0.918883185701217) -> 0.91888319 | R43: =IFERROR(__xludf.DUMMYFUNCTION("AVERAGE(FILTER(M2:M36, (ROW(M2:M36)<>3) * (ROW(M2:M36)<>4)))"),0.9137785999868) -> 0.9137786

Sheet SFigure7-Data-3
A1: revPBE | B1: orb | C1: kt | D1: d2 | E1: kt | F1: d2 | G1: ps | H1: p3 | I1: p3 | J1: ps | K1: p3+ | L1: p3+ | M1: ps | N1: exp | O1: sgn err kt | P1: sgn err d2 | Q1: sgn err p3 | R1: sgn err p3+
A2: n2 | B2: 3sgg | C2: -0.61136313 | D2: -0.53398824 | E2: =C2*27.2114 -> -16.636047 | F2: =D2*27.2114 -> -14.530568 | G2: 0.88201467 | H2: -0.57126131 | I2: =H2*27.2114 -> -15.54482 | J2: 0.91101231 | K2: -0.56409213 | L2: =K2*27.2114 -> -15.349737 | M2: 0.90511196 | N2: 15.58 | O2: =-E2-N2 -> 1.0560466 | P2: =-F2-N2 -> -1.0494324 | Q2: =-I2-N2 -> -0.035180025 | R2: =-L2-N2 -> -0.23026337
B3: 1piu | C3: -0.6004051 | D3: -0.62127317 | E3: =C3*27.2114 -> -16.337863 | F3: =D3*27.2114 -> -16.905713 | G3: 0.90935018 | H3: -0.62761117 | I3: =H3*27.2114 -> -17.078179 | J3: 0.91302491 | K3: -0.62695521 | L3: =K3*27.2114 -> -17.060329 | M3: 0.91264148 | N3: 16.93 | O3: =-E3-N3 -> -0.59213659 | P3: =-F3-N3 -> -0.024287297 | Q3: =-I3-N3 -> 0.14817863 | R3: =-L3-N3 -> 0.13032891
B4: 2sgu | C4: -0.76231769 | D4: -0.64878968 | E4: =C4*27.2114 -> -20.743732 | F4: =D4*27.2114 -> -17.654475 | G4: 0.84420083 | H4: -0.69521312 | I4: =H4*27.2114 -> -18.917722 | J4: 0.88567879 | K4: -0.68513792 | L4: =K4*27.2114 -> -18.643562 | M4: 0.8758255 | N4: 19.75 | O4: =-E4-N4 -> 0.99373159 | P4: =-F4-N4 -> -2.0955246 | Q4: =-I4-N4 -> -0.83227778 | R4: =-L4-N4 -> -1.106438
A5: h2o | B5: 1b1 | C5: -0.50961866 | D5: -0.42429887 | E5: =C5*27.2114 -> -13.867437 | F5: =D5*27.2114 -> -11.545766 | G5: 0.88822287 | H5: -0.46595586 | I5: =H5*27.2114 -> -12.679311 | J5: 0.92563218 | K5: -0.45918093 | L5: =K5*27.2114 -> -12.494956 | M5: 0.91908188 | N5: 12.62 | O5: =-E5-N5 -> 1.2474372 | P5: =-F5-N5 -> -1.0742336 | Q5: =-I5-N5 -> 0.059311265 | R5: =-L5-N5 -> -0.12504401
A6: co | B6: 5sgg | C6: -0.52974848 | D6: -0.49114543 | E6: =C6*27.2114 -> -14.415198 | F6: =D6*27.2114 -> -13.364755 | G6: 0.90905271 | H6: -0.50223507 | I6: =H6*27.2114 -> -13.666519 | J6: 0.91167684 | K6: -0.50050728 | L6: =K6*27.2114 -> -13.619504 | M6: 0.91127802 | N6: 14.01 | O6: =-E6-N6 -> 0.40519767 | P6: =-F6-N6 -> -0.64524534 | Q6: =-I6-N6 -> -0.34348058 | R6: =-L6-N6 -> -0.39049616
A7: nh3 | B7: 3a1 | C7: -0.42365844 | D7: -0.37002011 | E7: =C7*27.2114 -> -11.528339 | F7: =D7*27.2114 -> -10.068765 | G7: 0.89582636 | H7: -0.3937119 | I7: =H7*27.2114 -> -10.713452 | J7: 0.91853736 | K7: -0.39008358 | L7: =K7*27.2114 -> -10.61472 | M7: 0.914886 | N7: 10.8 | O7: =-E7-N7 -> 0.72833929 | P7: =-F7-N7 -> -0.7312347 | Q7: =-I7-N7 -> -0.08654813 | R7: =-L7-N7 -> -0.18527972
A8: f2 | B8: 1pig | C8: -0.66334816 | D8: -0.51446997 | E8: =C8*27.2114 -> -18.050632 | F8: =D8*27.2114 -> -13.999448 | G8: 0.86381036 | H8: -0.57902876 | I8: =H8*27.2114 -> -15.756183 | J8: 0.90107144 | K8: -0.56685437 | L8: =K8*27.2114 -> -15.424901 | M8: 0.89356753 | N8: 15.87 | O8: =-E8-N8 -> 2.1806322 | P8: =-F8-N8 -> -1.8705519 | Q8: =-I8-N8 -> -0.1138169 | R8: =-L8-N8 -> -0.44509898
A9: o3 | B9: 6a1 | C9: -0.46924843 | D9: -0.49222128 | E9: =C9*27.2114 -> -12.768907 | F9: =D9*27.2114 -> -13.39403 | G9: 0.82044302 | H9: -0.5258187 | I9: =H9*27.2114 -> -14.308263 | J9: 0.84441518 | K9: -0.52030967 | L9: =K9*27.2114 -> -14.158354 | M9: 0.84039217 | N9: 12.73 | O9: =-E9-N9 -> 0.038906816 | P9: =-F9-N9 -> 0.66403002 | Q9: =-I9-N9 -> 1.5782631 | R9: =-L9-N9 -> 1.4283545
A10: h2co | B10: 2b2 | C10: -0.43644675 | D10: -0.36493081 | E10: =C10*27.2114 -> -11.876327 | F10: =D10*27.2114 -> -9.9302782 | G10: 0.88170741 | H10: -0.40425063 | I10: =H10*27.2114 -> -11.000226 | J10: 0.91981216 | K10: -0.39737006 | L10: =K10*27.2114 -> -10.812996 | M10: 0.91261318 | N10: 10.9 | O10: =-E10-N10 -> 0.97632703 | P10: =-F10-N10 -> -0.96972179 | Q10: =-I10-N10 -> 0.10022559 | R10: =-L10-N10 -> -0.087004282
A11: c2h2 | B11: 1piu | C11: -0.39871866 | D11: -0.40737988 | E11: =C11*27.2114 -> -10.849693 | F11: =D11*27.2114 -> -11.085377 | G11: 0.90079146 | H11: -0.41622095 | I11: =H11*27.2114 -> -11.325955 | J11: 0.9092797 | K11: -0.41506888 | L11: =K11*27.2114 -> -11.294605 | M11: 0.90815323 | N11: 11.49 | O11: =-E11-N11 -> -0.64030717 | P11: =-F11-N11 -> -0.40462316 | Q11: =-I11-N11 -> -0.16404526 | R11: =-L11-N11 -> -0.1953948
A12: c2h4 | B12: 1b3u | C12: -0.36817485 | D12: -0.37140445 | E12: =C12*27.2114 -> -10.018553 | F12: =D12*27.2114 -> -10.106435 | G12: 0.90083068 | H12: -0.38156253 | I12: =H12*27.2114 -> -10.382851 | J12: 0.91002052 | K12: -0.38014054 | L12: =K12*27.2114 -> -10.344156 | M12: 0.90870809 | N12: 10.68 | O12: =-E12-N12 -> -0.66144684 | P12: =-F12-N12 -> -0.57356482 | Q12: =-I12-N12 -> -0.29714947 | R12: =-L12-N12 -> -0.3358436
A13: hcn | B13: 1pi | C13: -0.48603025 | D13: -0.49536776 | E13: =C13*27.2114 -> -13.225564 | F13: =D13*27.2114 -> -13.47965 | G13: 0.89512916 | H13: -0.5075329 | I13: =H13*27.2114 -> -13.810681 | J13: 0.90905888 | K13: -0.50596621 | L13: =K13*27.2114 -> -13.768049 | M13: 0.90720804 | N13: 13.61 | O13: =-E13-N13 -> -0.38443632 | P13: =-F13-N13 -> -0.13034986 | Q13: =-I13-N13 -> 0.20068088 | R13: =-L13-N13 -> 0.15804904
A14: nno | B14: 2pi | C14: -0.47178908 | D14: -0.46242009 | E14: =C14*27.2114 -> -12.838041 | F14: =D14*27.2114 -> -12.583098 | G14: 0.85708234 | H14: -0.50616933 | I14: =H14*27.2114 -> -13.773576 | J14: 0.90347504 | K14: -0.49821582 | L14: =K14*27.2114 -> -13.55715 | M14: 0.89427836 | N14: 12.89 | O14: =-E14-N14 -> -0.051958672 | P14: =-F14-N14 -> -0.30690187 | Q14: =-I14-N14 -> 0.88357599 | R14: =-L14-N14 -> 0.66714988
A15: co2 | B15: 1pig | C15: -0.53158597 | D15: -0.50097848 | E15: =C15*27.2114 -> -14.465198 | F15: =D15*27.2114 -> -13.632326 | G15: 0.85401173 | H15: -0.54920347 | I15: =H15*27.2114 -> -14.944595 | J15: 0.899242 | K15: -0.54102701 | L15: =K15*27.2114 -> -14.722102 | M15: 0.8908682 | N15: 13.79 | O15: =-E15-N15 -> 0.67519841 | P15: =-F15-N15 -> -0.15767414 | Q15: =-I15-N15 -> 1.1545953 | R15: =-L15-N15 -> 0.93210227
A16: hf | B16: 1pi | C16: -0.65533567 | D16: -0.54761747 | E16: =C16*27.2114 -> -17.832601 | F16: =D16*27.2114 -> -14.901438 | G16: 0.89598813 | H16: -0.59916147 | I16: =H16*27.2114 -> -16.304022 | J16: 0.93572815 | K16: -0.5911765 | L16: =K16*27.2114 -> -16.08674 | M16: 0.9290918 | N16: 16.19 | O16: =-E16-N16 -> 1.6426011 | P16: =-F16-N16 -> -1.2885621 | Q16: =-I16-N16 -> 0.1140224 | R16: =-L16-N16 -> -0.1032599
... A36: pn | B36: sg | C36: -0.43399001 | D36: -0.43669758 | E36: =C36*27.2114 -> -11.809476 | F36: =D36*27.2114 -> -11.883153 | G36: 0.84697736 | H36: -0.46515605 | I36: =H36*27.2114 -> -12.657547 | J36: 0.89814938 | K36: -0.4597825 | L36: =K36*27.2114 -> -12.511326 | M36: 0.88749968 | N36: 11.88 | O36: =-E36-N36 -> -0.07052417 | P36: =-F36-N36 -> 0.003152662 | Q36: =-I36-N36 -> 0.77754736 | R36: =-L36-N36 -> 0.63132556
N38: SGN AVE | O38: =IFERROR(__xludf.DUMMYFUNCTION("ARRAYFORMULA(SUM(FILTER(O2:O36, ROW(O2:O36)<>3, ROW(O2:O36)<>4)) / (ROWS(O2:O36)-2))"),0.567439852042528) -> 0.56743985 | P38: =IFERROR(__xludf.DUMMYFUNCTION("ARRAYFORMULA(SUM(FILTER(P2:P36, ROW(P2:P36)<>3, ROW(P2:P36)<>4)) / (ROWS(P2:P36)-2))"),-0.41384045699003) -> -0.41384046 | Q38: =IFERROR(__xludf.DUMMYFUNCTION("ARRAYFORMULA(SUM(FILTER(Q2:Q36, ROW(Q2:Q36)<>3, ROW(Q2:Q36)<>4)) / (ROWS(Q2:Q36)-2))"),0.207952559142013) -> 0.20795256 | R38: =IFERROR(__xludf.DUMMYFUNCTION("ARRAYFORMULA(SUM(FILTER(R2:R36, ROW(R2:R36)<>3, ROW(R2:R36)<>4)) / (ROWS(R2:R36)-2))"),0.101322783074354) -> 0.10132278
N39: MAE | O39: =IFERROR(__xludf.DUMMYFUNCTION("ARRAYFORMULA(SUM(ABS(FILTER(O2:O36, ROW(O2:O36)<>3, ROW(O2:O36)<>4))) / (ROWS(O2:O36)-2))"),0.873948130308956) -> 0.87394813 | P39: =IFERROR(__xludf.DUMMYFUNCTION("ARRAYFORMULA(SUM(ABS(FILTER(P2:P36, ROW(P2:P36)<>3, ROW(P2:P36)<>4))) / (ROWS(P2:P36)-2))"),0.627978285715344) -> 0.62797829 | Q39: =IFERROR(__xludf.DUMMYFUNCTION("ARRAYFORMULA(SUM(ABS(FILTER(Q2:Q36, ROW(Q2:Q36)<>3, ROW(Q2:Q36)<>4))) / (ROWS(Q2:Q36)-2))"),0.465404795272623) -> 0.4654048 | R39: =IFERROR(__xludf.DUMMYFUNCTION("ARRAYFORMULA(SUM(ABS(FILTER(R2:R36, ROW(R2:R36)<>3, ROW(R2:R36)<>4))) / (ROWS(R2:R36)-2))"),0.450063747602906) -> 0.45006375
N40: RMSD | O40: =IFERROR(__xludf.DUMMYFUNCTION("ARRAYFORMULA(sqrt(SUM(ABS(FILTER(O2:O36, ROW(O2:O36)<>3, ROW(O2:O36)<>4))^2) / (ROWS(O2:O36)-2)))"),1.05203570700881) -> 1.0520357 | P40: =IFERROR(__xludf.DUMMYFUNCTION("ARRAYFORMULA(sqrt(SUM(ABS(FILTER(P2:P36, ROW(P2:P36)<>3, ROW(P2:P36)<>4))^2) / (ROWS(P2:P36)-2)))"),0.818995125558021) -> 0.81899513 | Q40: =IFERROR(__xludf.DUMMYFUNCTION("ARRAYFORMULA(sqrt(SUM(ABS(FILTER(Q2:Q36, ROW(Q2:Q36)<>3, ROW(Q2:Q36)<>4))^2) / (ROWS(Q2:Q36)-2)))"),0.632407923094735) -> 0.63240792 | R40: =IFERROR(__xludf.DUMMYFUNCTION("ARRAYFORMULA(sqrt(SUM(ABS(FILTER(R2:R36, ROW(R2:R36)<>3, ROW(R2:R36)<>4))^2) / (ROWS(R2:R36)-2)))"),0.576111003336791) -> 0.576111
O41: semi KT | P41: semi D2 | Q41: semi P3 | R41: semi P3+
O43: AVE PS | P43: =IFERROR(__xludf.DUMMYFUNCTION("AVERAGE(FILTER(G2:G36, (ROW(G2:G36)<>3) * (ROW(G2:G36)<>4)))"),0.895182019582356) -> 0.89518202 | Q43: =IFERROR(__xludf.DUMMYFUNCTION("AVERAGE(FILTER(J2:J36, (ROW(J2:J36)<>3) * (ROW(J2:J36)<>4)))"),0.914775216557121) -> 0.91477522 | R43: =IFERROR(__xludf.DUMMYFUNCTION("AVERAGE(FILTER(M2:M36, (ROW(M2:M36)<>3) * (ROW(M2:M36)<>4)))"),0.910796066038722) -> 0.91079607

Sheet SFigure7-Data-4
A1: revPBE | B1: orb | C1: kt | D1: d2 | E1: kt | F1: d2 | G1: ps | H1: p3 | I1: p3 | J1: ps | K1: p3+ | L1: p3+ | M1: ps | N1: bd-t1 | O1: sgn err kt | P1: sgn err d2 | Q1: sgn err p3 | R1: sgn err p3+
A2: n2 | B2: 3sgg | C2: -0.61136313 | D2: -0.53398824 | E2: =C2*27.2114 -> -16.636047 | F2: =D2*27.2114 -> -14.530568 | G2: 0.88201467 | H2: -0.57126131 | I2: =H2*27.2114 -> -15.54482 | J2: 0.91101231 | K2: -0.56409213 | L2: =K2*27.2114 -> -15.349737 | M2: 0.90511196 | N2: 15.327 | O2: =-E2-N2 -> 1.3090466 | P2: =-F2-N2 -> -0.79643238 | Q2: =-I2-N2 -> 0.21781998 | R2: =-L2-N2 -> 0.022736633
B3: 1piu | C3: -0.6004051 | D3: -0.62127317 | E3: =C3*27.2114 -> -16.337863 | F3: =D3*27.2114 -> -16.905713 | G3: 0.90935018 | H3: -0.62761117 | I3: =H3*27.2114 -> -17.078179 | J3: 0.91302491 | K3: -0.62695521 | L3: =K3*27.2114 -> -17.060329 | M3: 0.91264148 | N3: 17.051 | O3: =-E3-N3 -> -0.71313659 | P3: =-F3-N3 -> -0.1452873 | Q3: =-I3-N3 -> 0.027178625 | R3: =-L3-N3 -> 0.0093289128
B4: 2sgu | C4: -0.76231769 | D4: -0.64878968 | E4: =C4*27.2114 -> -20.743732 | F4: =D4*27.2114 -> -17.654475 | G4: 0.84420083 | H4: -0.69521312 | I4: =H4*27.2114 -> -18.917722 | J4: 0.88567879 | K4: -0.68513792 | L4: =K4*27.2114 -> -18.643562 | M4: 0.8758255 | N4: 18.634 | O4: =-E4-N4 -> 2.1097316 | P4: =-F4-N4 -> -0.97952464 | Q4: =-I4-N4 -> 0.28372222 | R4: =-L4-N4 -> 0.009562006
A5: h2o | B5: 1b1 | C5: -0.50961866 | D5: -0.42429887 | E5: =C5*27.2114 -> -13.867437 | F5: =D5*27.2114 -> -11.545766 | G5: 0.88822287 | H5: -0.46595586 | I5: =H5*27.2114 -> -12.679311 | J5: 0.92563218 | K5: -0.45918093 | L5: =K5*27.2114 -> -12.494956 | M5: 0.91908188 | N5: 12.378 | O5: =-E5-N5 -> 1.4894372 | P5: =-F5-N5 -> -0.83223364 | Q5: =-I5-N5 -> 0.30131127 | R5: =-L5-N5 -> 0.11695599
A6: co | B6: 5sgg | C6: -0.52974848 | D6: -0.49114543 | E6: =C6*27.2114 -> -14.415198 | F6: =D6*27.2114 -> -13.364755 | G6: 0.90905271 | H6: -0.50223507 | I6: =H6*27.2114 -> -13.666519 | J6: 0.91167684 | K6: -0.50050728 | L6: =K6*27.2114 -> -13.619504 | M6: 0.91127802 | N6: 13.88 | O6: =-E6-N6 -> 0.53519767 | P6: =-F6-N6 -> -0.51524534 | Q6: =-I6-N6 -> -0.21348058 | R6: =-L6-N6 -> -0.26049616
A7: nh3 | B7: 3a1 | C7: -0.42365844 | D7: -0.37002011 | E7: =C7*27.2114 -> -11.528339 | F7: =D7*27.2114 -> -10.068765 | G7: 0.89582636 | H7: -0.3937119 | I7: =H7*27.2114 -> -10.713452 | J7: 0.91853736 | K7: -0.39008358 | L7: =K7*27.2114 -> -10.61472 | M7: 0.914886 | N7: 10.648 | O7: =-E7-N7 -> 0.88033929 | P7: =-F7-N7 -> -0.5792347 | Q7: =-I7-N7 -> 0.06545187 | R7: =-L7-N7 -> -0.03327972
A8: f2 | B8: 1pig | C8: -0.66334816 | D8: -0.51446997 | E8: =C8*27.2114 -> -18.050632 | F8: =D8*27.2114 -> -13.999448 | G8: 0.86381036 | H8: -0.57902876 | I8: =H8*27.2114 -> -15.756183 | J8: 0.90107144 | K8: -0.56685437 | L8: =K8*27.2114 -> -15.424901 | M8: 0.89356753 | N8: 15.467 | O8: =-E8-N8 -> 2.5836322 | P8: =-F8-N8 -> -1.4675519 | Q8: =-I8-N8 -> 0.2891831 | R8: =-L8-N8 -> -0.04209898
A9: o3 | B9: 6a1 | C9: -0.46924843 | D9: -0.49222128 | E9: =C9*27.2114 -> -12.768907 | F9: =D9*27.2114 -> -13.39403 | G9: 0.82044302 | H9: -0.5258187 | I9: =H9*27.2114 -> -14.308263 | J9: 0.84441518 | K9: -0.52030967 | L9: =K9*27.2114 -> -14.158354 | M9: 0.84039217 | N9: 12.504 | O9: =-E9-N9 -> 0.26490682 | P9: =-F9-N9 -> 0.89003002 | Q9: =-I9-N9 -> 1.8042631 | R9: =-L9-N9 -> 1.6543545
A10: h2co | B10: 2b2 | C10: -0.43644675 | D10: -0.36493081 | E10: =C10*27.2114 -> -11.876327 | F10: =D10*27.2114 -> -9.9302782 | G10: 0.88170741 | H10: -0.40425063 | I10: =H10*27.2114 -> -11.000226 | J10: 0.91981216 | K10: -0.39737006 | L10: =K10*27.2114 -> -10.812996 | M10: 0.91261318 | N10: 10.757 | O10: =-E10-N10 -> 1.119327 | P10: =-F10-N10 -> -0.82672179 | Q10: =-I10-N10 -> 0.24322559 | R10: =-L10-N10 -> 0.055995718
A11: c2h2 | B11: 1piu | C11: -0.39871866 | D11: -0.40737988 | E11: =C11*27.2114 -> -10.849693 | F11: =D11*27.2114 -> -11.085377 | G11: 0.90079146 | H11: -0.41622095 | I11: =H11*27.2114 -> -11.325955 | J11: 0.9092797 | K11: -0.41506888 | L11: =K11*27.2114 -> -11.294605 | M11: 0.90815323 | N11: 11.446 | O11: =-E11-N11 -> -0.59630717 | P11: =-F11-N11 -> -0.36062316 | Q11: =-I11-N11 -> -0.12004526 | R11: =-L11-N11 -> -0.1513948
A12: c2h4 | B12: 1b3u | C12: -0.36817485 | D12: -0.37140445 | E12: =C12*27.2114 -> -10.018553 | F12: =D12*27.2114 -> -10.106435 | G12: 0.90083068 | H12: -0.38156253 | I12: =H12*27.2114 -> -10.382851 | J12: 0.91002052 | K12: -0.38014054 | L12: =K12*27.2114 -> -10.344156 | M12: 0.90870809 | N12: 10.593 | O12: =-E12-N12 -> -0.57444684 | P12: =-F12-N12 -> -0.48656482 | Q12: =-I12-N12 -> -0.21014947 | R12: =-L12-N12 -> -0.2488436
A13: hcn | B13: 1pi | C13: -0.48603025 | D13: -0.49536776 | E13: =C13*27.2114 -> -13.225564 | F13: =D13*27.2114 -> -13.47965 | G13: 0.89512916 | H13: -0.5075329 | I13: =H13*27.2114 -> -13.810681 | J13: 0.90905888 | K13: -0.50596621 | L13: =K13*27.2114 -> -13.768049 | M13: 0.90720804 | N13: 13.805 | O13: =-E13-N13 -> -0.57943632 | P13: =-F13-N13 -> -0.32534986 | Q13: =-I13-N13 -> 0.0056808759 | R13: =-L13-N13 -> -0.036950964
A14: nno | B14: 2pi | C14: -0.47178908 | D14: -0.46242009 | E14: =C14*27.2114 -> -12.838041 | F14: =D14*27.2114 -> -12.583098 | G14: 0.85708234 | H14: -0.50616933 | I14: =H14*27.2114 -> -13.773576 | J14: 0.90347504 | K14: -0.49821582 | L14: =K14*27.2114 -> -13.55715 | M14: 0.89427836 | N14: 12.768 | O14: =-E14-N14 -> 0.070041328 | P14: =-F14-N14 -> -0.18490187 | Q14: =-I14-N14 -> 1.005576 | R14: =-L14-N14 -> 0.78914988
A15: co2 | B15: 1pig | C15: -0.53158597 | D15: -0.50097848 | E15: =C15*27.2114 -> -14.465198 | F15: =D15*27.2114 -> -13.632326 | G15: 0.85401173 | H15: -0.54920347 | I15: =H15*27.2114 -> -14.944595 | J15: 0.899242 | K15: -0.54102701 | L15: =K15*27.2114 -> -14.722102 | M15: 0.8908682 | N15: 13.672 | O15: =-E15-N15 -> 0.79319841 | P15: =-F15-N15 -> -0.039674139 | Q15: =-I15-N15 -> 1.2725953 | R15: =-L15-N15 -> 1.0501023
A16: hf | B16: 1pi | C16: -0.65533567 | D16: -0.54761747 | E16: =C16*27.2114 -> -17.832601 | F16: =D16*27.2114 -> -14.901438 | G16: 0.89598813 | H16: -0.59916147 | I16: =H16*27.2114 -> -16.304022 | J16: 0.93572815 | K16: -0.5911765 | L16: =K16*27.2114 -> -16.08674 | M16: 0.9290918 | N16: 15.876 | O16: =-E16-N16 -> 1.9566011 | P16: =-F16-N16 -> -0.97456207 | Q16: =-I16-N16 -> 0.4280224 | R16: =-L16-N16 -> 0.2107401
... A36: pn | B36: sg | C36: -0.43399001 | D36: -0.43669758 | E36: =C36*27.2114 -> -11.809476 | F36: =D36*27.2114 -> -11.883153 | G36: 0.84697736 | H36: -0.46515605 | I36: =H36*27.2114 -> -12.657547 | J36: 0.89814938 | K36: -0.4597825 | L36: =K36*27.2114 -> -12.511326 | M36: 0.88749968 | N36: 11.631 | O36: =-E36-N36 -> 0.17847583 | P36: =-F36-N36 -> 0.25215266 | Q36: =-I36-N36 -> 1.0265474 | R36: =-L36-N36 -> 0.88032556
N38: SGN AVE | O38: =IFERROR(__xludf.DUMMYFUNCTION("ARRAYFORMULA(SUM(FILTER(O2:O36, ROW(O2:O36)<>3, ROW(O2:O36)<>4)) / (ROWS(O2:O36)-2))"),0.531864094466771) -> 0.53186409 | P38: =IFERROR(__xludf.DUMMYFUNCTION("ARRAYFORMULA(SUM(FILTER(P2:P36, ROW(P2:P36)<>3, ROW(P2:P36)<>4)) / (ROWS(P2:P36)-2))"),-0.449416214565788) -> -0.44941621 | Q38: =IFERROR(__xludf.DUMMYFUNCTION("ARRAYFORMULA(SUM(FILTER(Q2:Q36, ROW(Q2:Q36)<>3, ROW(Q2:Q36)<>4)) / (ROWS(Q2:Q36)-2))"),0.172376801566256) -> 0.1723768 | R38: =IFERROR(__xludf.DUMMYFUNCTION("ARRAYFORMULA(SUM(FILTER(R2:R36, ROW(R2:R36)<>3, ROW(R2:R36)<>4)) / (ROWS(R2:R36)-2))"),0.0657470254985968) -> 0.065747025
N39: MAE | O39: =IFERROR(__xludf.DUMMYFUNCTION("ARRAYFORMULA(SUM(ABS(FILTER(O2:O36, ROW(O2:O36)<>3, ROW(O2:O36)<>4))) / (ROWS(O2:O36)-2))"),0.793726029952561) -> 0.79372603 | P39: =IFERROR(__xludf.DUMMYFUNCTION("ARRAYFORMULA(SUM(ABS(FILTER(P2:P36, ROW(P2:P36)<>3, ROW(P2:P36)<>4))) / (ROWS(P2:P36)-2))"),0.52329248461722) -> 0.52329248 | Q39: =IFERROR(__xludf.DUMMYFUNCTION("ARRAYFORMULA(SUM(ABS(FILTER(Q2:Q36, ROW(Q2:Q36)<>3, ROW(Q2:Q36)<>4))) / (ROWS(Q2:Q36)-2))"),0.402077833336547) -> 0.40207783 | R39: =IFERROR(__xludf.DUMMYFUNCTION("ARRAYFORMULA(SUM(ABS(FILTER(R2:R36, ROW(R2:R36)<>3, ROW(R2:R36)<>4))) / (ROWS(R2:R36)-2))"),0.335045502983313) -> 0.3350455
N40: RMSD | O40: =IFERROR(__xludf.DUMMYFUNCTION("ARRAYFORMULA(sqrt(SUM(ABS(FILTER(O2:O36, ROW(O2:O36)<>3, ROW(O2:O36)<>4))^2) / (ROWS(O2:O36)-2)))"),1.02373741365752) -> 1.0237374 | P40: =IFERROR(__xludf.DUMMYFUNCTION("ARRAYFORMULA(sqrt(SUM(ABS(FILTER(P2:P36, ROW(P2:P36)<>3, ROW(P2:P36)<>4))^2) / (ROWS(P2:P36)-2)))"),0.643204475159996) -> 0.64320448 | Q40: =IFERROR(__xludf.DUMMYFUNCTION("ARRAYFORMULA(sqrt(SUM(ABS(FILTER(Q2:Q36, ROW(Q2:Q36)<>3, ROW(Q2:Q36)<>4))^2) / (ROWS(Q2:Q36)-2)))"),0.577641167647966) -> 0.57764117 | R40: =IFERROR(__xludf.DUMMYFUNCTION("ARRAYFORMULA(sqrt(SUM(ABS(FILTER(R2:R36, ROW(R2:R36)<>3, ROW(R2:R36)<>4))^2) / (ROWS(R2:R36)-2)))"),0.483832533529626) -> 0.48383253
O41: semi KT | P41: semi D2 | Q41: semi P3 | R41: semi P3+
O43: AVE PS | P43: =IFERROR(__xludf.DUMMYFUNCTION("AVERAGE(FILTER(G2:G36, (ROW(G2:G36)<>3) * (ROW(G2:G36)<>4)))"),0.895182019582356) -> 0.89518202 | Q43: =IFERROR(__xludf.DUMMYFUNCTION("AVERAGE(FILTER(J2:J36, (ROW(J2:J36)<>3) * (ROW(J2:J36)<>4)))"),0.914775216557121) -> 0.91477522 | R43: =IFERROR(__xludf.DUMMYFUNCTION("AVERAGE(FILTER(M2:M36, (ROW(M2:M36)<>3) * (ROW(M2:M36)<>4)))"),0.910796066038722) -> 0.91079607

Sheet SFigure7-Data-5
A1: b3lyp | B1: orb | C1: kt | D1: d2 | E1: kt | F1: d2 | G1: ps | H1: p3 | I1: p3 | J1: ps | K1: p3+ | L1: p3+ | M1: ps | N1: exp | O1: sgn err kt | P1: sgn err d2 | Q1: sgn err p3 | R1: sgn err p3+
A2: n2 | B2: 3sgg | C2: -0.615 | D2: -0.536 | E2: =C2*27.2114 -> -16.735011 | F2: =D2*27.2114 -> -14.58531 | G2: 0.882 | H2: -0.57296702 | I2: =H2*27.2114 -> -15.591235 | J2: 0.91003576 | K2: -0.56585367 | L2: =K2*27.2114 -> -15.397671 | M2: 0.90425584 | N2: 15.58 | O2: =-E2-N2 -> 1.155011 | P2: =-F2-N2 -> -0.9946896 | Q2: =-I2-N2 -> 0.011234878 | R2: =-L2-N2 -> -0.18232946
B3: 1piu | C3: -0.602 | D3: -0.622 | E3: =C3*27.2114 -> -16.381263 | F3: =D3*27.2114 -> -16.925491 | G3: 0.91 | H3: -0.62858101 | I3: =H3*27.2114 -> -17.104569 | J3: 0.91351149 | K3: -0.62791835 | L3: =K3*27.2114 -> -17.086537 | M3: 0.9131208 | N3: 16.93 | O3: =-E3-N3 -> -0.5487372 | P3: =-F3-N3 -> -0.0045092 | Q3: =-I3-N3 -> 0.17456923 | R3: =-L3-N3 -> 0.15653734
B4: 2sgu | C4: -0.764 | D4: -0.65 | E4: =C4*27.2114 -> -20.78951 | F4: =D4*27.2114 -> -17.68741 | G4: 0.844 | H4: -0.69625018 | I4: =H4*27.2114 -> -18.945942 | J4: 0.88465765 | K4: -0.68635581 | L4: =K4*27.2114 -> -18.676702 | M4: 0.87511936 | N4: 19.75 | O4: =-E4-N4 -> 1.0395096 | P4: =-F4-N4 -> -2.06259 | Q4: =-I4-N4 -> -0.80405798 | R4: =-L4-N4 -> -1.0732976
A5: h2o | B5: 1b1 | C5: -0.50629566 | D5: -0.42024421 | E5: =C5*27.2114 -> -13.777014 | F5: =D5*27.2114 -> -11.435433 | G5: 0.88793834 | H5: -0.46222726 | I5: =H5*27.2114 -> -12.577851 | J5: 0.92556052 | K5: -0.45539732 | L5: =K5*27.2114 -> -12.391999 | M5: 0.91896844 | N5: 12.62 | O5: =-E5-N5 -> 1.1570136 | P5: =-F5-N5 -> -1.1845667 | Q5: =-I5-N5 -> -0.042149111 | R5: =-L5-N5 -> -0.22800145
A6: co | B6: 5sgg | C6: -0.53489198 | D6: -0.49552295 | E6: =C6*27.2114 -> -14.55516 | F6: =D6*27.2114 -> -13.483873 | G6: 0.90915325 | H6: -0.50623994 | I6: =H6*27.2114 -> -13.775498 | J6: 0.91121513 | K6: -0.50458334 | L6: =K6*27.2114 -> -13.730419 | M6: 0.91090831 | N6: 14.01 | O6: =-E6-N6 -> 0.54515957 | P6: =-F6-N6 -> -0.52612674 | Q6: =-I6-N6 -> -0.23450247 | R6: =-L6-N6 -> -0.27958081
A7: nh3 | B7: 3a1 | C7: -0.42242885 | D7: -0.3678744 | E7: =C7*27.2114 -> -11.49488 | F7: =D7*27.2114 -> -10.010377 | G7: 0.89538366 | H7: -0.39194378 | I7: =H7*27.2114 -> -10.665339 | J7: 0.91837979 | K7: -0.38824561 | L7: =K7*27.2114 -> -10.564707 | M7: 0.9146688 | N7: 10.8 | O7: =-E7-N7 -> 0.69488038 | P7: =-F7-N7 -> -0.78962263 | Q7: =-I7-N7 -> -0.13466114 | R7: =-L7-N7 -> -0.23529336
A8: f2 | B8: 1pig | C8: -0.66296355 | D8: -0.51402797 | E8: =C8*27.2114 -> -18.040166 | F8: =D8*27.2114 -> -13.987421 | G8: 0.8644961 | H8: -0.57736133 | I8: =H8*27.2114 -> -15.71081 | J8: 0.90046736 | K8: -0.56552969 | L8: =K8*27.2114 -> -15.388854 | M8: 0.89331024 | N8: 15.87 | O8: =-E8-N8 -> 2.1701664 | P8: =-F8-N8 -> -1.8825793 | Q8: =-I8-N8 -> -0.15919 | R8: =-L8-N8 -> -0.48114552
A9: o3 | B9: 6a1 | C9: -0.52923673 | D9: -0.40461892 | E9: =C9*27.2114 -> -14.401272 | F9: =D9*27.2114 -> -11.010247 | G9: 0.79996477 | H9: -0.52087462 | I9: =H9*27.2114 -> -14.173728 | J9: 0.94083315 | K9: -0.4878655 | L9: =K9*27.2114 -> -13.275503 | M9: 0.88974002 | N9: 12.73 | O9: =-E9-N9 -> 1.6712724 | P9: =-F9-N9 -> -1.7197527 | Q9: =-I9-N9 -> 1.4437276 | R9: =-L9-N9 -> 0.54550334
A10: h2co | B10: 2b2 | C10: -0.43703024 | D10: -0.3623549 | E10: =C10*27.2114 -> -11.892205 | F10: =D10*27.2114 -> -9.860184 | G10: 0.88025228 | H10: -0.40226361 | I10: =H10*27.2114 -> -10.946156 | J10: 0.91868523 | K10: -0.39528532 | L10: =K10*27.2114 -> -10.756267 | M10: 0.91142174 | N10: 10.9 | O10: =-E10-N10 -> 0.9922047 | P10: =-F10-N10 -> -1.039816 | Q10: =-I10-N10 -> 0.046156128 | R10: =-L10-N10 -> -0.14373297
A11: c2h2 | B11: 1piu | C11: -0.39954703 | D11: -0.40783492 | E11: =C11*27.2114 -> -10.872234 | F11: =D11*27.2114 -> -11.097759 | G11: 0.90104184 | H11: -0.41679012 | I11: =H11*27.2114 -> -11.341443 | J11: 0.90965786 | K11: -0.41561869 | L11: =K11*27.2114 -> -11.309566 | M11: 0.90850986 | N11: 11.49 | O11: =-E11-N11 -> -0.61776595 | P11: =-F11-N11 -> -0.3922408 | Q11: =-I11-N11 -> -0.14855724 | R11: =-L11-N11 -> -0.18043352
A12: c2h4 | B12: 1b3u | C12: -0.36878386 | D12: -0.37217858 | E12: =C12*27.2114 -> -10.035125 | F12: =D12*27.2114 -> -10.1275 | G12: 0.90183446 | H12: -0.38223971 | I12: =H12*27.2114 -> -10.401278 | J12: 0.91088659 | K12: -0.38083089 | L12: =K12*27.2114 -> -10.362942 | M12: 0.90959399 | N12: 10.68 | O12: =-E12-N12 -> -0.64487474 | P12: =-F12-N12 -> -0.55249973 | Q12: =-I12-N12 -> -0.27872238 | R12: =-L12-N12 -> -0.31705836
A13: hcn | B13: 1pi | C13: -0.4864461 | D13: -0.49537561 | E13: =C13*27.2114 -> -13.236879 | F13: =D13*27.2114 -> -13.479864 | G13: 0.89566873 | H13: -0.50747929 | I13: =H13*27.2114 -> -13.809222 | J13: 0.90940015 | K13: -0.50592107 | L13: =K13*27.2114 -> -13.766821 | M13: 0.90757716 | N13: 13.61 | O13: =-E13-N13 -> -0.37312057 | P13: =-F13-N13 -> -0.13013618 | Q13: =-I13-N13 -> 0.19922193 | R13: =-L13-N13 -> 0.15682074
A14: nno | B14: 2pi | C14: -0.47484712 | D14: -0.46226216 | E14: =C14*27.2114 -> -12.921255 | F14: =D14*27.2114 -> -12.5788 | G14: 0.85866812 | H14: -0.50530905 | I14: =H14*27.2114 -> -13.750167 | J14: 0.90415151 | K14: -0.49758001 | L14: =K14*27.2114 -> -13.539849 | M14: 0.89525084 | N14: 12.89 | O14: =-E14-N14 -> 0.03125503 | P14: =-F14-N14 -> -0.31119951 | Q14: =-I14-N14 -> 0.86016656 | R14: =-L14-N14 -> 0.64984877
A15: co2 | B15: 1pig | C15: -0.53237307 | D15: -0.50159283 | E15: =C15*27.2114 -> -14.486616 | F15: =D15*27.2114 -> -13.649043 | G15: 0.8566488 | H15: -0.54786909 | I15: =H15*27.2114 -> -14.908285 | J15: 0.89905869 | K15: -0.54014223 | L15: =K15*27.2114 -> -14.698026 | M15: 0.89136278 | N15: 13.79 | O15: =-E15-N15 -> 0.69661642 | P15: =-F15-N15 -> -0.14095684 | Q15: =-I15-N15 -> 1.1182849 | R15: =-L15-N15 -> 0.90802641
A16: hf | B16: 1pi | C16: -0.65108239 | D16: -0.54298475 | E16: =C16*27.2114 -> -17.716863 | F16: =D16*27.2114 -> -14.775375 | G16: 0.89591155 | H16: -0.59466246 | I16: =H16*27.2114 -> -16.181598 | J16: 0.93572332 | K16: -0.5866671 | L16: =K16*27.2114 -> -15.964033 | M16: 0.92908263 | N16: 16.19 | O16: =-E16-N16 -> 1.5268633 | P16: =-F16-N16 -> -1.4146249 | Q16: =-I16-N16 -> -0.0084019597 | R16: =-L16-N16 -> -0.22596697
... A36: pn | B36: sg | C36: -0.46717793 | D36: -0.38939939 | E36: =C36*27.2114 -> -12.712566 | F36: =D36*27.2114 -> -10.596102 | G36: 0.83066176 | H36: -0.45717203 | I36: =H36*27.2114 -> -12.440291 | J36: 0.93615922 | K36: -0.43943228 | L36: =K36*27.2114 -> -11.957568 | M36: 0.90299789 | N36: 11.88 | O36: =-E36-N36 -> 0.83256554 | P36: =-F36-N36 -> -1.2838975 | Q36: =-I36-N36 -> 0.56029088 | R36: =-L36-N36 -> 0.077567673
N38: SGN AVE | O38: =IFERROR(__xludf.DUMMYFUNCTION("ARRAYFORMULA(SUM(FILTER(O2:O36, ROW(O2:O36)<>3, ROW(O2:O36)<>4)) / (ROWS(O2:O36)-2))"),0.65645265555344) -> 0.65645266 | P38: =IFERROR(__xludf.DUMMYFUNCTION("ARRAYFORMULA(SUM(FILTER(P2:P36, ROW(P2:P36)<>3, ROW(P2:P36)<>4)) / (ROWS(P2:P36)-2))"),-0.529696305724303) -> -0.52969631 | Q38: =IFERROR(__xludf.DUMMYFUNCTION("ARRAYFORMULA(SUM(FILTER(Q2:Q36, ROW(Q2:Q36)<>3, ROW(Q2:Q36)<>4)) / (ROWS(Q2:Q36)-2))"),0.185879991886756) -> 0.18587999 | R38: =IFERROR(__xludf.DUMMYFUNCTION("ARRAYFORMULA(SUM(FILTER(R2:R36, ROW(R2:R36)<>3, ROW(R2:R36)<>4)) / (ROWS(R2:R36)-2))"),0.0481908473618721) -> 0.048190847
N39: MAE | O39: =IFERROR(__xludf.DUMMYFUNCTION("ARRAYFORMULA(SUM(ABS(FILTER(O2:O36, ROW(O2:O36)<>3, ROW(O2:O36)<>4))) / (ROWS(O2:O36)-2))"),0.933828194975983) -> 0.93382819 | P39: =IFERROR(__xludf.DUMMYFUNCTION("ARRAYFORMULA(SUM(ABS(FILTER(P2:P36, ROW(P2:P36)<>3, ROW(P2:P36)<>4))) / (ROWS(P2:P36)-2))"),0.710769020222739) -> 0.71076902 | Q39: =IFERROR(__xludf.DUMMYFUNCTION("ARRAYFORMULA(SUM(ABS(FILTER(Q2:Q36, ROW(Q2:Q36)<>3, ROW(Q2:Q36)<>4))) / (ROWS(Q2:Q36)-2))"),0.43231221194747) -> 0.43231221 | R39: =IFERROR(__xludf.DUMMYFUNCTION("ARRAYFORMULA(SUM(ABS(FILTER(R2:R36, ROW(R2:R36)<>3, ROW(R2:R36)<>4))) / (ROWS(R2:R36)-2))"),0.398692026617778) -> 0.39869203
N40: RMSD | O40: =IFERROR(__xludf.DUMMYFUNCTION("ARRAYFORMULA(sqrt(SUM(ABS(FILTER(O2:O36, ROW(O2:O36)<>3, ROW(O2:O36)<>4))^2) / (ROWS(O2:O36)-2)))"),1.08355753822278) -> 1.0835575 | P40: =IFERROR(__xludf.DUMMYFUNCTION("ARRAYFORMULA(sqrt(SUM(ABS(FILTER(P2:P36, ROW(P2:P36)<>3, ROW(P2:P36)<>4))^2) / (ROWS(P2:P36)-2)))"),0.910844714225126) -> 0.91084471 | Q40: =IFERROR(__xludf.DUMMYFUNCTION("ARRAYFORMULA(sqrt(SUM(ABS(FILTER(Q2:Q36, ROW(Q2:Q36)<>3, ROW(Q2:Q36)<>4))^2) / (ROWS(Q2:Q36)-2)))"),0.590070126578255) -> 0.59007013 | R40: =IFERROR(__xludf.DUMMYFUNCTION("ARRAYFORMULA(sqrt(SUM(ABS(FILTER(R2:R36, ROW(R2:R36)<>3, ROW(R2:R36)<>4))^2) / (ROWS(R2:R36)-2)))"),0.50150492365252) -> 0.50150492
O41: semi KT | P41: semi D2 | Q41: semi P3 | R41: semi P3+
O43: AVE PS | P43: =IFERROR(__xludf.DUMMYFUNCTION("AVERAGE(FILTER(G2:G36, (ROW(G2:G36)<>3) * (ROW(G2:G36)<>4)))"),0.893096437762552) -> 0.89309644 | Q43: =IFERROR(__xludf.DUMMYFUNCTION("AVERAGE(FILTER(J2:J36, (ROW(J2:J36)<>3) * (ROW(J2:J36)<>4)))"),0.918736398688936) -> 0.9187364 | R43: =IFERROR(__xludf.DUMMYFUNCTION("AVERAGE(FILTER(M2:M36, (ROW(M2:M36)<>3) * (ROW(M2:M36)<>4)))"),0.912802553736758) -> 0.91280255
A50: uhh maybe compare to ip-eom-ccsdt frzn core and pure ccpvtz (show no big difference between cart in SI
A51: run b3lyp, get KS HOMO evals, same for LDA?
A52: now do EAs for some molecules that work...
A53: yes the p3 code is valid
A54: pinconning...
A55: https://pubs.aip.org/aip/jcp/article/162/6/064102/3334579

Sheet SFigure7-Data-6
A1: b3lyp | B1: orb | C1: kt | D1: d2 | E1: kt | F1: d2 | G1: ps | H1: p3 | I1: p3 | J1: ps | K1: p3+ | L1: p3+ | M1: ps | N1: bd-t1 | O1: sgn err kt | P1: sgn err d2 | Q1: sgn err p3 | R1: sgn err p3+
A2: n2 | B2: 3sgg | C2: -0.615 | D2: -0.536 | E2: =C2*27.2114 -> -16.735011 | F2: =D2*27.2114 -> -14.58531 | G2: 0.882 | H2: -0.57296702 | I2: =H2*27.2114 -> -15.591235 | J2: 0.91003576 | K2: -0.56585367 | L2: =K2*27.2114 -> -15.397671 | M2: 0.90425584 | N2: 15.327 | O2: =-E2-N2 -> 1.408011 | P2: =-F2-N2 -> -0.7416896 | Q2: =-I2-N2 -> 0.26423488 | R2: =-L2-N2 -> 0.07067054
B3: 1piu | C3: -0.602 | D3: -0.622 | E3: =C3*27.2114 -> -16.381263 | F3: =D3*27.2114 -> -16.925491 | G3: 0.91 | H3: -0.62858101 | I3: =H3*27.2114 -> -17.104569 | J3: 0.91351149 | K3: -0.62791835 | L3: =K3*27.2114 -> -17.086537 | M3: 0.9131208 | N3: 17.051 | O3: =-E3-N3 -> -0.6697372 | P3: =-F3-N3 -> -0.1255092 | Q3: =-I3-N3 -> 0.053569229 | R3: =-L3-N3 -> 0.035537335
B4: 2sgu | C4: -0.764 | D4: -0.65 | E4: =C4*27.2114 -> -20.78951 | F4: =D4*27.2114 -> -17.68741 | G4: 0.844 | H4: -0.69625018 | I4: =H4*27.2114 -> -18.945942 | J4: 0.88465765 | K4: -0.68635581 | L4: =K4*27.2114 -> -18.676702 | M4: 0.87511936 | N4: 18.634 | O4: =-E4-N4 -> 2.1555096 | P4: =-F4-N4 -> -0.94659 | Q4: =-I4-N4 -> 0.31194202 | R4: =-L4-N4 -> 0.042702439
A5: h2o | B5: 1b1 | C5: -0.50629566 | D5: -0.42024421 | E5: =C5*27.2114 -> -13.777014 | F5: =D5*27.2114 -> -11.435433 | G5: 0.88793834 | H5: -0.46222726 | I5: =H5*27.2114 -> -12.577851 | J5: 0.92556052 | K5: -0.45539732 | L5: =K5*27.2114 -> -12.391999 | M5: 0.91896844 | N5: 12.378 | O5: =-E5-N5 -> 1.3990136 | P5: =-F5-N5 -> -0.9425667 | Q5: =-I5-N5 -> 0.19985089 | R5: =-L5-N5 -> 0.013998554
A6: co | B6: 5sgg | C6: -0.53489198 | D6: -0.49552295 | E6: =C6*27.2114 -> -14.55516 | F6: =D6*27.2114 -> -13.483873 | G6: 0.90915325 | H6: -0.50623994 | I6: =H6*27.2114 -> -13.775498 | J6: 0.91121513 | K6: -0.50458334 | L6: =K6*27.2114 -> -13.730419 | M6: 0.91090831 | N6: 13.88 | O6: =-E6-N6 -> 0.67515957 | P6: =-F6-N6 -> -0.39612674 | Q6: =-I6-N6 -> -0.10450247 | R6: =-L6-N6 -> -0.14958081
A7: nh3 | B7: 3a1 | C7: -0.42242885 | D7: -0.3678744 | E7: =C7*27.2114 -> -11.49488 | F7: =D7*27.2114 -> -10.010377 | G7: 0.89538366 | H7: -0.39194378 | I7: =H7*27.2114 -> -10.665339 | J7: 0.91837979 | K7: -0.38824561 | L7: =K7*27.2114 -> -10.564707 | M7: 0.9146688 | N7: 10.648 | O7: =-E7-N7 -> 0.84688038 | P7: =-F7-N7 -> -0.63762263 | Q7: =-I7-N7 -> 0.017338862 | R7: =-L7-N7 -> -0.083293359
A8: f2 | B8: 1pig | C8: -0.66296355 | D8: -0.51402797 | E8: =C8*27.2114 -> -18.040166 | F8: =D8*27.2114 -> -13.987421 | G8: 0.8644961 | H8: -0.57736133 | I8: =H8*27.2114 -> -15.71081 | J8: 0.90046736 | K8: -0.56552969 | L8: =K8*27.2114 -> -15.388854 | M8: 0.89331024 | N8: 15.467 | O8: =-E8-N8 -> 2.5731664 | P8: =-F8-N8 -> -1.4795793 | Q8: =-I8-N8 -> 0.24381 | R8: =-L8-N8 -> -0.07814552
A9: o3 | B9: 6a1 | C9: -0.52923673 | D9: -0.40461892 | E9: =C9*27.2114 -> -14.401272 | F9: =D9*27.2114 -> -11.010247 | G9: 0.79996477 | H9: -0.52087462 | I9: =H9*27.2114 -> -14.173728 | J9: 0.94083315 | K9: -0.4878655 | L9: =K9*27.2114 -> -13.275503 | M9: 0.88974002 | N9: 12.504 | O9: =-E9-N9 -> 1.8972724 | P9: =-F9-N9 -> -1.4937527 | Q9: =-I9-N9 -> 1.6697276 | R9: =-L9-N9 -> 0.77150334
A10: h2co | B10: 2b2 | C10: -0.43703024 | D10: -0.3623549 | E10: =C10*27.2114 -> -11.892205 | F10: =D10*27.2114 -> -9.860184 | G10: 0.88025228 | H10: -0.40226361 | I10: =H10*27.2114 -> -10.946156 | J10: 0.91868523 | K10: -0.39528532 | L10: =K10*27.2114 -> -10.756267 | M10: 0.91142174 | N10: 10.757 | O10: =-E10-N10 -> 1.1352047 | P10: =-F10-N10 -> -0.89681601 | Q10: =-I10-N10 -> 0.18915613 | R10: =-L10-N10 -> -0.00073296716
A11: c2h2 | B11: 1piu | C11: -0.39954703 | D11: -0.40783492 | E11: =C11*27.2114 -> -10.872234 | F11: =D11*27.2114 -> -11.097759 | G11: 0.90104184 | H11: -0.41679012 | I11: =H11*27.2114 -> -11.341443 | J11: 0.90965786 | K11: -0.41561869 | L11: =K11*27.2114 -> -11.309566 | M11: 0.90850986 | N11: 11.446 | O11: =-E11-N11 -> -0.57376595 | P11: =-F11-N11 -> -0.3482408 | Q11: =-I11-N11 -> -0.10455724 | R11: =-L11-N11 -> -0.13643352
A12: c2h4 | B12: 1b3u | C12: -0.36878386 | D12: -0.37217858 | E12: =C12*27.2114 -> -10.035125 | F12: =D12*27.2114 -> -10.1275 | G12: 0.90183446 | H12: -0.38223971 | I12: =H12*27.2114 -> -10.401278 | J12: 0.91088659 | K12: -0.38083089 | L12: =K12*27.2114 -> -10.362942 | M12: 0.90959399 | N12: 10.593 | O12: =-E12-N12 -> -0.55787474 | P12: =-F12-N12 -> -0.46549973 | Q12: =-I12-N12 -> -0.19172238 | R12: =-L12-N12 -> -0.23005836
A13: hcn | B13: 1pi | C13: -0.4864461 | D13: -0.49537561 | E13: =C13*27.2114 -> -13.236879 | F13: =D13*27.2114 -> -13.479864 | G13: 0.89566873 | H13: -0.50747929 | I13: =H13*27.2114 -> -13.809222 | J13: 0.90940015 | K13: -0.50592107 | L13: =K13*27.2114 -> -13.766821 | M13: 0.90757716 | N13: 13.805 | O13: =-E13-N13 -> -0.56812057 | P13: =-F13-N13 -> -0.32513618 | Q13: =-I13-N13 -> 0.0042219345 | R13: =-L13-N13 -> -0.038179264
A14: nno | B14: 2pi | C14: -0.47484712 | D14: -0.46226216 | E14: =C14*27.2114 -> -12.921255 | F14: =D14*27.2114 -> -12.5788 | G14: 0.85866812 | H14: -0.50530905 | I14: =H14*27.2114 -> -13.750167 | J14: 0.90415151 | K14: -0.49758001 | L14: =K14*27.2114 -> -13.539849 | M14: 0.89525084 | N14: 12.768 | O14: =-E14-N14 -> 0.15325503 | P14: =-F14-N14 -> -0.18919951 | Q14: =-I14-N14 -> 0.98216656 | R14: =-L14-N14 -> 0.77184877
A15: co2 | B15: 1pig | C15: -0.53237307 | D15: -0.50159283 | E15: =C15*27.2114 -> -14.486616 | F15: =D15*27.2114 -> -13.649043 | G15: 0.8566488 | H15: -0.54786909 | I15: =H15*27.2114 -> -14.908285 | J15: 0.89905869 | K15: -0.54014223 | L15: =K15*27.2114 -> -14.698026 | M15: 0.89136278 | N15: 13.672 | O15: =-E15-N15 -> 0.81461642 | P15: =-F15-N15 -> -0.022956839 | Q15: =-I15-N15 -> 1.2362849 | R15: =-L15-N15 -> 1.0260264
A16: hf | B16: 1pi | C16: -0.65108239 | D16: -0.54298475 | E16: =C16*27.2114 -> -17.716863 | F16: =D16*27.2114 -> -14.775375 | G16: 0.89591155 | H16: -0.59466246 | I16: =H16*27.2114 -> -16.181598 | J16: 0.93572332 | K16: -0.5866671 | L16: =K16*27.2114 -> -15.964033 | M16: 0.92908263 | N16: 15.876 | O16: =-E16-N16 -> 1.8408633 | P16: =-F16-N16 -> -1.1006249 | Q16: =-I16-N16 -> 0.30559804 | R16: =-L16-N16 -> 0.088033027
... A36: pn | B36: sg | C36: -0.46717793 | D36: -0.38939939 | E36: =C36*27.2114 -> -12.712566 | F36: =D36*27.2114 -> -10.596102 | G36: 0.83066176 | H36: -0.45717203 | I36: =H36*27.2114 -> -12.440291 | J36: 0.93615922 | K36: -0.43943228 | L36: =K36*27.2114 -> -11.957568 | M36: 0.90299789 | N36: 11.631 | O36: =-E36-N36 -> 1.0815655 | P36: =-F36-N36 -> -1.0348975 | Q36: =-I36-N36 -> 0.80929088 | R36: =-L36-N36 -> 0.32656767
N38: SGN AVE | O38: =IFERROR(__xludf.DUMMYFUNCTION("ARRAYFORMULA(SUM(FILTER(O2:O36, ROW(O2:O36)<>3, ROW(O2:O36)<>4)) / (ROWS(O2:O36)-2))"),0.620876897977682) -> 0.6208769 | P38: =IFERROR(__xludf.DUMMYFUNCTION("ARRAYFORMULA(SUM(FILTER(P2:P36, ROW(P2:P36)<>3, ROW(P2:P36)<>4)) / (ROWS(P2:P36)-2))"),-0.56527206330006) -> -0.56527206 | Q38: =IFERROR(__xludf.DUMMYFUNCTION("ARRAYFORMULA(SUM(FILTER(Q2:Q36, ROW(Q2:Q36)<>3, ROW(Q2:Q36)<>4)) / (ROWS(Q2:Q36)-2))"),0.150304234310998) -> 0.15030423 | R38: =IFERROR(__xludf.DUMMYFUNCTION("ARRAYFORMULA(SUM(FILTER(R2:R36, ROW(R2:R36)<>3, ROW(R2:R36)<>4)) / (ROWS(R2:R36)-2))"),0.0126150897861145) -> 0.01261509
N39: MAE | O39: =IFERROR(__xludf.DUMMYFUNCTION("ARRAYFORMULA(SUM(ABS(FILTER(O2:O36, ROW(O2:O36)<>3, ROW(O2:O36)<>4))) / (ROWS(O2:O36)-2))"),0.861571391172116) -> 0.86157139 | P39: =IFERROR(__xludf.DUMMYFUNCTION("ARRAYFORMULA(SUM(ABS(FILTER(P2:P36, ROW(P2:P36)<>3, ROW(P2:P36)<>4))) / (ROWS(P2:P36)-2))"),0.570016117999794) -> 0.57001612 | Q39: =IFERROR(__xludf.DUMMYFUNCTION("ARRAYFORMULA(SUM(ABS(FILTER(Q2:Q36, ROW(Q2:Q36)<>3, ROW(Q2:Q36)<>4))) / (ROWS(Q2:Q36)-2))"),0.354179557293281) -> 0.35417956 | R39: =IFERROR(__xludf.DUMMYFUNCTION("ARRAYFORMULA(SUM(ABS(FILTER(R2:R36, ROW(R2:R36)<>3, ROW(R2:R36)<>4))) / (ROWS(R2:R36)-2))"),0.266219289131673) -> 0.26621929
N40: RMSD | O40: =IFERROR(__xludf.DUMMYFUNCTION("ARRAYFORMULA(sqrt(SUM(ABS(FILTER(O2:O36, ROW(O2:O36)<>3, ROW(O2:O36)<>4))^2) / (ROWS(O2:O36)-2)))"),1.07180783372894) -> 1.0718078 | P40: =IFERROR(__xludf.DUMMYFUNCTION("ARRAYFORMULA(sqrt(SUM(ABS(FILTER(P2:P36, ROW(P2:P36)<>3, ROW(P2:P36)<>4))^2) / (ROWS(P2:P36)-2)))"),0.717646871321992) -> 0.71764687 | Q40: =IFERROR(__xludf.DUMMYFUNCTION("ARRAYFORMULA(sqrt(SUM(ABS(FILTER(Q2:Q36, ROW(Q2:Q36)<>3, ROW(Q2:Q36)<>4))^2) / (ROWS(Q2:Q36)-2)))"),0.519522474045557) -> 0.51952247 | R40: =IFERROR(__xludf.DUMMYFUNCTION("ARRAYFORMULA(sqrt(SUM(ABS(FILTER(R2:R36, ROW(R2:R36)<>3, ROW(R2:R36)<>4))^2) / (ROWS(R2:R36)-2)))"),0.356082271649298) -> 0.35608227
O41: semi KT | P41: semi D2 | Q41: semi P3 | R41: semi P3+
O43: AVE PS | P43: =IFERROR(__xludf.DUMMYFUNCTION("AVERAGE(FILTER(G2:G36, (ROW(G2:G36)<>3) * (ROW(G2:G36)<>4)))"),0.893096437762552) -> 0.89309644 | Q43: =IFERROR(__xludf.DUMMYFUNCTION("AVERAGE(FILTER(J2:J36, (ROW(J2:J36)<>3) * (ROW(J2:J36)<>4)))"),0.918736398688936) -> 0.9187364 | R43: =IFERROR(__xludf.DUMMYFUNCTION("AVERAGE(FILTER(M2:M36, (ROW(M2:M36)<>3) * (ROW(M2:M36)<>4)))"),0.912802553736758) -> 0.91280255

Sheet SFigure7-Data-7
A1: lda | B1: orb | C1: kt | D1: d2 | E1: kt | F1: d2 | G1: ps | H1: p3 | I1: p3 | J1: ps | K1: p3+ | L1: p3+ | M1: ps | N1: exp | O1: sgn err kt | P1: sgn err d2 | Q1: sgn err p3 | R1: sgn err p3+
A2: n2 | B2: 3sgg | C2: -0.61599431 | D2: -0.53817982 | E2: =C2*27.2114 -> -16.762068 | F2: =D2*27.2114 -> -14.644626 | G2: 0.88146568 | H2: -0.57603218 | I2: =H2*27.2114 -> -15.674642 | J2: 0.91094426 | K2: -0.56871066 | L2: =K2*27.2114 -> -15.475413 | M2: 0.90490713 | N2: 15.58 | O2: =-E2-N2 -> 1.1820676 | P2: =-F2-N2 -> -0.93537374 | Q2: =-I2-N2 -> 0.094642088 | R2: =-L2-N2 -> -0.1045868
B3: 1piu | C3: -0.60465393 | D3: -0.62556492 | E3: =C3*27.2114 -> -16.45348 | F3: =D3*27.2114 -> -17.022497 | G3: 0.90853538 | H3: -0.63221142 | I3: =H3*27.2114 -> -17.203358 | J3: 0.91246415 | K3: -0.63151516 | L3: =K3*27.2114 -> -17.184412 | M3: 0.91204902 | N3: 16.93 | O3: =-E3-N3 -> -0.47652015 | P3: =-F3-N3 -> 0.092497204 | Q3: =-I3-N3 -> 0.27335778 | R3: =-L3-N3 -> 0.25441152
B4: 2sgu | C4: -0.76491956 | D4: -0.65223799 | E4: =C4*27.2114 -> -20.814532 | F4: =D4*27.2114 -> -17.748309 | G4: 0.84442599 | H4: -0.69922843 | I4: =H4*27.2114 -> -19.026984 | J4: 0.88676958 | K4: -0.68897859 | L4: =K4*27.2114 -> -18.748072 | M4: 0.87664646 | N4: 19.75 | O4: =-E4-N4 -> 1.0645322 | P4: =-F4-N4 -> -2.0016911 | Q4: =-I4-N4 -> -0.72301552 | R4: =-L4-N4 -> -1.001928
A5: h2o | B5: 1b1 | C5: -0.50717167 | D5: -0.412533 | E5: =C5*27.2114 -> -13.800851 | F5: =D5*27.2114 -> -11.2256 | G5: 0.87657773 | H5: -0.46263737 | I5: =H5*27.2114 -> -12.58901 | J5: 0.92382639 | K5: -0.45375512 | L5: =K5*27.2114 -> -12.347312 | M5: 0.91464405 | N5: 12.62 | O5: =-E5-N5 -> 1.1808511 | P5: =-F5-N5 -> -1.3943996 | Q5: =-I5-N5 -> -0.030989532 | R5: =-L5-N5 -> -0.27268788
A6: co | B6: 5sgg | C6: -0.53280979 | D6: -0.49443094 | E6: =C6*27.2114 -> -14.4985 | F6: =D6*27.2114 -> -13.454158 | G6: 0.90891101 | H6: -0.50566091 | I6: =H6*27.2114 -> -13.759741 | J6: 0.91163334 | K6: -0.50390155 | L6: =K6*27.2114 -> -13.711867 | M6: 0.91121687 | N6: 14.01 | O6: =-E6-N6 -> 0.48850023 | P6: =-F6-N6 -> -0.55584192 | Q6: =-I6-N6 -> -0.25025871 | R6: =-L6-N6 -> -0.29813339
A7: nh3 | B7: 3a1 | C7: -0.42339472 | D7: -0.36966028 | E7: =C7*27.2114 -> -11.521163 | F7: =D7*27.2114 -> -10.058974 | G7: 0.89523009 | H7: -0.39434801 | I7: =H7*27.2114 -> -10.730762 | J7: 0.91895762 | K7: -0.39052014 | L7: =K7*27.2114 -> -10.6266 | M7: 0.9150895 | N7: 10.8 | O7: =-E7-N7 -> 0.72116311 | P7: =-F7-N7 -> -0.7410262 | Q7: =-I7-N7 -> -0.069238442 | R7: =-L7-N7 -> -0.1734003
A8: f2 | B8: 1pig | C8: -0.67203552 | D8: -0.52275985 | E8: =C8*27.2114 -> -18.287027 | F8: =D8*27.2114 -> -14.225027 | G8: 0.86301883 | H8: -0.58882559 | I8: =H8*27.2114 -> -16.022769 | J8: 0.90131766 | K8: -0.57626964 | L8: =K8*27.2114 -> -15.681104 | M8: 0.8935311 | N8: 15.87 | O8: =-E8-N8 -> 2.4170274 | P8: =-F8-N8 -> -1.6449727 | Q8: =-I8-N8 -> 0.15276859 | R8: =-L8-N8 -> -0.18889628
A9: o3 | B9: 6a1 | C9: -0.47619312 | D9: -0.50016299 | E9: =C9*27.2114 -> -12.957882 | F9: =D9*27.2114 -> -13.610135 | G9: 0.81886485 | H9: -0.53502189 | I9: =H9*27.2114 -> -14.558695 | J9: 0.84401882 | K9: -0.52921404 | L9: =K9*27.2114 -> -14.400655 | M9: 0.83972048 | N9: 12.73 | O9: =-E9-N9 -> 0.22788152 | P9: =-F9-N9 -> 0.88013509 | Q9: =-I9-N9 -> 1.8286946 | R9: =-L9-N9 -> 1.6706549
A10: h2co | B10: 2b2 | C10: -0.44012474 | D10: -0.36779081 | E10: =C10*27.2114 -> -11.97641 | F10: =D10*27.2114 -> -10.008103 | G10: 0.8802374 | H10: -0.40839191 | I10: =H10*27.2114 -> -11.112916 | J10: 0.91957828 | K10: -0.40120593 | L10: =K10*27.2114 -> -10.917375 | M10: 0.91204461 | N10: 10.9 | O10: =-E10-N10 -> 1.0764105 | P10: =-F10-N10 -> -0.89189704 | Q10: =-I10-N10 -> 0.21291572 | R10: =-L10-N10 -> 0.017375152
A11: c2h2 | B11: 1piu | C11: -0.39941724 | D11: -0.40816454 | E11: =C11*27.2114 -> -10.868702 | F11: =D11*27.2114 -> -11.106728 | G11: 0.89987145 | H11: -0.41741454 | I11: =H11*27.2114 -> -11.358434 | J11: 0.90887881 | K11: -0.41619615 | L11: =K11*27.2114 -> -11.32528 | M11: 0.90766942 | N11: 11.49 | O11: =-E11-N11 -> -0.62129777 | P11: =-F11-N11 -> -0.3832715 | Q11: =-I11-N11 -> -0.13156607 | R11: =-L11-N11 -> -0.16472009
A12: c2h4 | B12: 1b3u | C12: -0.36733166 | D12: -0.3708186 | E12: =C12*27.2114 -> -9.9956086 | F12: =D12*27.2114 -> -10.090493 | G12: 0.90001012 | H12: -0.38156682 | I12: =H12*27.2114 -> -10.382967 | J12: 0.91000177 | K12: -0.38004437 | L12: =K12*27.2114 -> -10.341539 | M12: 0.90855585 | N12: 10.68 | O12: =-E12-N12 -> -0.68439137 | P12: =-F12-N12 -> -0.58950663 | Q12: =-I12-N12 -> -0.29703273 | R12: =-L12-N12 -> -0.33846069
A13: hcn | B13: 1pi | C13: -0.48821996 | D13: -0.49765957 | E13: =C13*27.2114 -> -13.285149 | F13: =D13*27.2114 -> -13.542013 | G13: 0.89433694 | H13: -0.51020065 | I13: =H13*27.2114 -> -13.883274 | J13: 0.90867438 | K13: -0.50856962 | L13: =K13*27.2114 -> -13.838891 | M13: 0.90674919 | N13: 13.61 | O13: =-E13-N13 -> -0.3248513 | P13: =-F13-N13 -> -0.067986504 | Q13: =-I13-N13 -> 0.27327403 | R13: =-L13-N13 -> 0.22889133
A14: nno | B14: 2pi | C14: -0.47647141 | D14: -0.46812433 | E14: =C14*27.2114 -> -12.965454 | F14: =D14*27.2114 -> -12.738318 | G14: 0.85588278 | H14: -0.51269618 | I14: =H14*27.2114 -> -13.951181 | J14: 0.90313978 | K14: -0.50452041 | L14: =K14*27.2114 -> -13.728707 | M14: 0.89367423 | N14: 12.89 | O14: =-E14-N14 -> 0.07545404 | P14: =-F14-N14 -> -0.15168161 | Q14: =-I14-N14 -> 1.0611809 | R14: =-L14-N14 -> 0.83870665
A15: co2 | B15: 1pig | C15: -0.53619916 | D15: -0.50685716 | E15: =C15*27.2114 -> -14.59073 | F15: =D15*27.2114 -> -13.792293 | G15: 0.85241732 | H15: -0.55640534 | I15: =H15*27.2114 -> -15.140568 | J15: 0.89896692 | K15: -0.5479006 | L15: =K15*27.2114 -> -14.909142 | M15: 0.89022149 | N15: 13.79 | O15: =-E15-N15 -> 0.8007299 | P15: =-F15-N15 -> 0.0022928937 | Q15: =-I15-N15 -> 1.3505684 | R15: =-L15-N15 -> 1.1191425
A16: hf | B16: 1pi | C16: -0.65953245 | D16: -0.55168163 | E16: =C16*27.2114 -> -17.946801 | F16: =D16*27.2114 -> -15.01203 | G16: 0.89569705 | H16: -0.60428985 | I16: =H16*27.2114 -> -16.443573 | J16: 0.93618076 | K16: -0.5960735 | L16: =K16*27.2114 -> -16.219995 | M16: 0.92935811 | N16: 16.19 | O16: =-E16-N16 -> 1.7568012 | P16: =-F16-N16 -> -1.1779704 | Q16: =-I16-N16 -> 0.25357284 | R16: =-L16-N16 -> 0.029994515
... A36: pn | B36: sg | C36: -0.46647837 | D36: -0.3922809 | E36: =C36*27.2114 -> -12.693529 | F36: =D36*27.2114 -> -10.674512 | G36: 0.83177079 | H36: -0.46033443 | I36: =H36*27.2114 -> -12.526344 | J36: 0.93888375 | K36: -0.4424164 | L36: =K36*27.2114 -> -12.03877 | M36: 0.9049865 | N36: 11.88 | O36: =-E36-N36 -> 0.81352948 | P36: =-F36-N36 -> -1.2054876 | Q36: =-I36-N36 -> 0.64634426 | R36: =-L36-N36 -> 0.15876951
N38: SGN AVE | O38: =IFERROR(__xludf.DUMMYFUNCTION("ARRAYFORMULA(SUM(FILTER(O2:O36, ROW(O2:O36)<>3, ROW(O2:O36)<>4)) / (ROWS(O2:O36)-2))"),0.676360026906563) -> 0.67636003 | P38: =IFERROR(__xludf.DUMMYFUNCTION("ARRAYFORMULA(SUM(FILTER(P2:P36, ROW(P2:P36)<>3, ROW(P2:P36)<>4)) / (ROWS(P2:P36)-2))"),-0.371344387686052) -> -0.37134439 | Q38: =IFERROR(__xludf.DUMMYFUNCTION("ARRAYFORMULA(SUM(FILTER(Q2:Q36, ROW(Q2:Q36)<>3, ROW(Q2:Q36)<>4)) / (ROWS(Q2:Q36)-2))"),0.305505687637226) -> 0.30550569 | R38: =IFERROR(__xludf.DUMMYFUNCTION("ARRAYFORMULA(SUM(FILTER(R2:R36, ROW(R2:R36)<>3, ROW(R2:R36)<>4)) / (ROWS(R2:R36)-2))"),0.1834477941895) -> 0.18344779
N39: MAE | O39: =IFERROR(__xludf.DUMMYFUNCTION("ARRAYFORMULA(SUM(ABS(FILTER(O2:O36, ROW(O2:O36)<>3, ROW(O2:O36)<>4))) / (ROWS(O2:O36)-2))"),0.959726764381349) -> 0.95972676 | P39: =IFERROR(__xludf.DUMMYFUNCTION("ARRAYFORMULA(SUM(ABS(FILTER(P2:P36, ROW(P2:P36)<>3, ROW(P2:P36)<>4))) / (ROWS(P2:P36)-2))"),0.639622172177295) -> 0.63962217 | Q39: =IFERROR(__xludf.DUMMYFUNCTION("ARRAYFORMULA(SUM(ABS(FILTER(Q2:Q36, ROW(Q2:Q36)<>3, ROW(Q2:Q36)<>4))) / (ROWS(Q2:Q36)-2))"),0.502423827115197) -> 0.50242383 | R39: =IFERROR(__xludf.DUMMYFUNCTION("ARRAYFORMULA(SUM(ABS(FILTER(R2:R36, ROW(R2:R36)<>3, ROW(R2:R36)<>4))) / (ROWS(R2:R36)-2))"),0.44565759339021) -> 0.44565759
N40: RMSD | O40: =IFERROR(__xludf.DUMMYFUNCTION("ARRAYFORMULA(sqrt(SUM(ABS(FILTER(O2:O36, ROW(O2:O36)<>3, ROW(O2:O36)<>4))^2) / (ROWS(O2:O36)-2)))"),1.13546076962189) -> 1.1354608 | P40: =IFERROR(__xludf.DUMMYFUNCTION("ARRAYFORMULA(sqrt(SUM(ABS(FILTER(P2:P36, ROW(P2:P36)<>3, ROW(P2:P36)<>4))^2) / (ROWS(P2:P36)-2)))"),0.810563077770953) -> 0.81056308 | Q40: =IFERROR(__xludf.DUMMYFUNCTION("ARRAYFORMULA(sqrt(SUM(ABS(FILTER(Q2:Q36, ROW(Q2:Q36)<>3, ROW(Q2:Q36)<>4))^2) / (ROWS(Q2:Q36)-2)))"),0.690594397377785) -> 0.6905944 | R40: =IFERROR(__xludf.DUMMYFUNCTION("ARRAYFORMULA(sqrt(SUM(ABS(FILTER(R2:R36, ROW(R2:R36)<>3, ROW(R2:R36)<>4))^2) / (ROWS(R2:R36)-2)))"),0.610137780863348) -> 0.61013778
O41: semi KT | P41: semi D2 | Q41: semi P3 | R41: semi P3+
O43: AVE PS | P43: =IFERROR(__xludf.DUMMYFUNCTION("AVERAGE(FILTER(G2:G36, (ROW(G2:G36)<>3) * (ROW(G2:G36)<>4)))"),0.893818046143489) -> 0.89381805 | Q43: =IFERROR(__xludf.DUMMYFUNCTION("AVERAGE(FILTER(J2:J36, (ROW(J2:J36)<>3) * (ROW(J2:J36)<>4)))"),0.915672767722805) -> 0.91567277 | R43: =IFERROR(__xludf.DUMMYFUNCTION("AVERAGE(FILTER(M2:M36, (ROW(M2:M36)<>3) * (ROW(M2:M36)<>4)))"),0.910834984975033) -> 0.91083498

Sheet SFigure7-Data-8
A1: lda | B1: orb | C1: kt | D1: d2 | E1: kt | F1: d2 | G1: ps | H1: p3 | I1: p3 | J1: ps | K1: p3+ | L1: p3+ | M1: ps | N1: bd-t1 | O1: sgn err kt | P1: sgn err d2 | Q1: sgn err p3 | R1: sgn err p3+
A2: n2 | B2: 3sgg | C2: -0.61599431 | D2: -0.53817982 | E2: =C2*27.2114 -> -16.762068 | F2: =D2*27.2114 -> -14.644626 | G2: 0.88146568 | H2: -0.57603218 | I2: =H2*27.2114 -> -15.674642 | J2: 0.91094426 | K2: -0.56871066 | L2: =K2*27.2114 -> -15.475413 | M2: 0.90490713 | N2: 15.327 | O2: =-E2-N2 -> 1.4350676 | P2: =-F2-N2 -> -0.68237374 | Q2: =-I2-N2 -> 0.34764209 | R2: =-L2-N2 -> 0.1484132
B3: 1piu | C3: -0.60465393 | D3: -0.62556492 | E3: =C3*27.2114 -> -16.45348 | F3: =D3*27.2114 -> -17.022497 | G3: 0.90853538 | H3: -0.63221142 | I3: =H3*27.2114 -> -17.203358 | J3: 0.91246415 | K3: -0.63151516 | L3: =K3*27.2114 -> -17.184412 | M3: 0.91204902 | N3: 17.051 | O3: =-E3-N3 -> -0.59752015 | P3: =-F3-N3 -> -0.028502796 | Q3: =-I3-N3 -> 0.15235778 | R3: =-L3-N3 -> 0.13341152
B4: 2sgu | C4: -0.76491956 | D4: -0.65223799 | E4: =C4*27.2114 -> -20.814532 | F4: =D4*27.2114 -> -17.748309 | G4: 0.84442599 | H4: -0.69922843 | I4: =H4*27.2114 -> -19.026984 | J4: 0.88676958 | K4: -0.68897859 | L4: =K4*27.2114 -> -18.748072 | M4: 0.87664646 | N4: 18.634 | O4: =-E4-N4 -> 2.1805322 | P4: =-F4-N4 -> -0.88569113 | Q4: =-I4-N4 -> 0.39298448 | R4: =-L4-N4 -> 0.114072
A5: h2o | B5: 1b1 | C5: -0.50717167 | D5: -0.412533 | E5: =C5*27.2114 -> -13.800851 | F5: =D5*27.2114 -> -11.2256 | G5: 0.87657773 | H5: -0.46263737 | I5: =H5*27.2114 -> -12.58901 | J5: 0.92382639 | K5: -0.45375512 | L5: =K5*27.2114 -> -12.347312 | M5: 0.91464405 | N5: 12.378 | O5: =-E5-N5 -> 1.4228511 | P5: =-F5-N5 -> -1.1523996 | Q5: =-I5-N5 -> 0.21101047 | R5: =-L5-N5 -> -0.030687881
A6: co | B6: 5sgg | C6: -0.53280979 | D6: -0.49443094 | E6: =C6*27.2114 -> -14.4985 | F6: =D6*27.2114 -> -13.454158 | G6: 0.90891101 | H6: -0.50566091 | I6: =H6*27.2114 -> -13.759741 | J6: 0.91163334 | K6: -0.50390155 | L6: =K6*27.2114 -> -13.711867 | M6: 0.91121687 | N6: 13.88 | O6: =-E6-N6 -> 0.61850023 | P6: =-F6-N6 -> -0.42584192 | Q6: =-I6-N6 -> -0.12025871 | R6: =-L6-N6 -> -0.16813339
A7: nh3 | B7: 3a1 | C7: -0.42339472 | D7: -0.36966028 | E7: =C7*27.2114 -> -11.521163 | F7: =D7*27.2114 -> -10.058974 | G7: 0.89523009 | H7: -0.39434801 | I7: =H7*27.2114 -> -10.730762 | J7: 0.91895762 | K7: -0.39052014 | L7: =K7*27.2114 -> -10.6266 | M7: 0.9150895 | N7: 10.648 | O7: =-E7-N7 -> 0.87316311 | P7: =-F7-N7 -> -0.5890262 | Q7: =-I7-N7 -> 0.082761558 | R7: =-L7-N7 -> -0.021400302
A8: f2 | B8: 1pig | C8: -0.67203552 | D8: -0.52275985 | E8: =C8*27.2114 -> -18.287027 | F8: =D8*27.2114 -> -14.225027 | G8: 0.86301883 | H8: -0.58882559 | I8: =H8*27.2114 -> -16.022769 | J8: 0.90131766 | K8: -0.57626964 | L8: =K8*27.2114 -> -15.681104 | M8: 0.8935311 | N8: 15.467 | O8: =-E8-N8 -> 2.8200274 | P8: =-F8-N8 -> -1.2419727 | Q8: =-I8-N8 -> 0.55576859 | R8: =-L8-N8 -> 0.21410372
A9: o3 | B9: 6a1 | C9: -0.47619312 | D9: -0.50016299 | E9: =C9*27.2114 -> -12.957882 | F9: =D9*27.2114 -> -13.610135 | G9: 0.81886485 | H9: -0.53502189 | I9: =H9*27.2114 -> -14.558695 | J9: 0.84401882 | K9: -0.52921404 | L9: =K9*27.2114 -> -14.400655 | M9: 0.83972048 | N9: 12.504 | O9: =-E9-N9 -> 0.45388152 | P9: =-F9-N9 -> 1.1061351 | Q9: =-I9-N9 -> 2.0546946 | R9: =-L9-N9 -> 1.8966549
A10: h2co | B10: 2b2 | C10: -0.44012474 | D10: -0.36779081 | E10: =C10*27.2114 -> -11.97641 | F10: =D10*27.2114 -> -10.008103 | G10: 0.8802374 | H10: -0.40839191 | I10: =H10*27.2114 -> -11.112916 | J10: 0.91957828 | K10: -0.40120593 | L10: =K10*27.2114 -> -10.917375 | M10: 0.91204461 | N10: 10.757 | O10: =-E10-N10 -> 1.2194105 | P10: =-F10-N10 -> -0.74889704 | Q10: =-I10-N10 -> 0.35591572 | R10: =-L10-N10 -> 0.16037515
A11: c2h2 | B11: 1piu | C11: -0.39941724 | D11: -0.40816454 | E11: =C11*27.2114 -> -10.868702 | F11: =D11*27.2114 -> -11.106728 | G11: 0.89987145 | H11: -0.41741454 | I11: =H11*27.2114 -> -11.358434 | J11: 0.90887881 | K11: -0.41619615 | L11: =K11*27.2114 -> -11.32528 | M11: 0.90766942 | N11: 11.446 | O11: =-E11-N11 -> -0.57729777 | P11: =-F11-N11 -> -0.3392715 | Q11: =-I11-N11 -> -0.087566072 | R11: =-L11-N11 -> -0.12072009
A12: c2h4 | B12: 1b3u | C12: -0.36733166 | D12: -0.3708186 | E12: =C12*27.2114 -> -9.9956086 | F12: =D12*27.2114 -> -10.090493 | G12: 0.90001012 | H12: -0.38156682 | I12: =H12*27.2114 -> -10.382967 | J12: 0.91000177 | K12: -0.38004437 | L12: =K12*27.2114 -> -10.341539 | M12: 0.90855585 | N12: 10.593 | O12: =-E12-N12 -> -0.59739137 | P12: =-F12-N12 -> -0.50250663 | Q12: =-I12-N12 -> -0.21003273 | R12: =-L12-N12 -> -0.25146069
A13: hcn | B13: 1pi | C13: -0.48821996 | D13: -0.49765957 | E13: =C13*27.2114 -> -13.285149 | F13: =D13*27.2114 -> -13.542013 | G13: 0.89433694 | H13: -0.51020065 | I13: =H13*27.2114 -> -13.883274 | J13: 0.90867438 | K13: -0.50856962 | L13: =K13*27.2114 -> -13.838891 | M13: 0.90674919 | N13: 13.805 | O13: =-E13-N13 -> -0.5198513 | P13: =-F13-N13 -> -0.2629865 | Q13: =-I13-N13 -> 0.078274032 | R13: =-L13-N13 -> 0.03389133
A14: nno | B14: 2pi | C14: -0.47647141 | D14: -0.46812433 | E14: =C14*27.2114 -> -12.965454 | F14: =D14*27.2114 -> -12.738318 | G14: 0.85588278 | H14: -0.51269618 | I14: =H14*27.2114 -> -13.951181 | J14: 0.90313978 | K14: -0.50452041 | L14: =K14*27.2114 -> -13.728707 | M14: 0.89367423 | N14: 12.768 | O14: =-E14-N14 -> 0.19745404 | P14: =-F14-N14 -> -0.02968161 | Q14: =-I14-N14 -> 1.1831809 | R14: =-L14-N14 -> 0.96070665
A15: co2 | B15: 1pig | C15: -0.53619916 | D15: -0.50685716 | E15: =C15*27.2114 -> -14.59073 | F15: =D15*27.2114 -> -13.792293 | G15: 0.85241732 | H15: -0.55640534 | I15: =H15*27.2114 -> -15.140568 | J15: 0.89896692 | K15: -0.5479006 | L15: =K15*27.2114 -> -14.909142 | M15: 0.89022149 | N15: 13.672 | O15: =-E15-N15 -> 0.9187299 | P15: =-F15-N15 -> 0.12029289 | Q15: =-I15-N15 -> 1.4685684 | R15: =-L15-N15 -> 1.2371425
A16: hf | B16: 1pi | C16: -0.65953245 | D16: -0.55168163 | E16: =C16*27.2114 -> -17.946801 | F16: =D16*27.2114 -> -15.01203 | G16: 0.89569705 | H16: -0.60428985 | I16: =H16*27.2114 -> -16.443573 | J16: 0.93618076 | K16: -0.5960735 | L16: =K16*27.2114 -> -16.219995 | M16: 0.92935811 | N16: 15.876 | O16: =-E16-N16 -> 2.0708012 | P16: =-F16-N16 -> -0.86397039 | Q16: =-I16-N16 -> 0.56757284 | R16: =-L16-N16 -> 0.34399451
... A36: pn | B36: sg | C36: -0.46647837 | D36: -0.3922809 | E36: =C36*27.2114 -> -12.693529 | F36: =D36*27.2114 -> -10.674512 | G36: 0.83177079 | H36: -0.46033443 | I36: =H36*27.2114 -> -12.526344 | J36: 0.93888375 | K36: -0.4424164 | L36: =K36*27.2114 -> -12.03877 | M36: 0.9049865 | N36: 11.631 | O36: =-E36-N36 -> 1.0625295 | P36: =-F36-N36 -> -0.95648763 | Q36: =-I36-N36 -> 0.89534426 | R36: =-L36-N36 -> 0.40776951
N38: SGN AVE | O38: =IFERROR(__xludf.DUMMYFUNCTION("ARRAYFORMULA(SUM(FILTER(O2:O36, ROW(O2:O36)<>3, ROW(O2:O36)<>4)) / (ROWS(O2:O36)-2))"),0.640784269330805) -> 0.64078427 | P38: =IFERROR(__xludf.DUMMYFUNCTION("ARRAYFORMULA(SUM(FILTER(P2:P36, ROW(P2:P36)<>3, ROW(P2:P36)<>4)) / (ROWS(P2:P36)-2))"),-0.406920145261809) -> -0.40692015 | Q38: =IFERROR(__xludf.DUMMYFUNCTION("ARRAYFORMULA(SUM(FILTER(Q2:Q36, ROW(Q2:Q36)<>3, ROW(Q2:Q36)<>4)) / (ROWS(Q2:Q36)-2))"),0.269929930061468) -> 0.26992993 | R38: =IFERROR(__xludf.DUMMYFUNCTION("ARRAYFORMULA(SUM(FILTER(R2:R36, ROW(R2:R36)<>3, ROW(R2:R36)<>4)) / (ROWS(R2:R36)-2))"),0.147872036613742) -> 0.14787204
N39: MAE | O39: =IFERROR(__xludf.DUMMYFUNCTION("ARRAYFORMULA(SUM(ABS(FILTER(O2:O36, ROW(O2:O36)<>3, ROW(O2:O36)<>4))) / (ROWS(O2:O36)-2))"),0.87719703007774) -> 0.87719703 | P39: =IFERROR(__xludf.DUMMYFUNCTION("ARRAYFORMULA(SUM(ABS(FILTER(P2:P36, ROW(P2:P36)<>3, ROW(P2:P36)<>4))) / (ROWS(P2:P36)-2))"),0.514476158967071) -> 0.51447616 | Q39: =IFERROR(__xludf.DUMMYFUNCTION("ARRAYFORMULA(SUM(ABS(FILTER(Q2:Q36, ROW(Q2:Q36)<>3, ROW(Q2:Q36)<>4))) / (ROWS(Q2:Q36)-2))"),0.445190127161551) -> 0.44519013 | R39: =IFERROR(__xludf.DUMMYFUNCTION("ARRAYFORMULA(SUM(ABS(FILTER(R2:R36, ROW(R2:R36)<>3, ROW(R2:R36)<>4))) / (ROWS(R2:R36)-2))"),0.34793107107306) -> 0.34793107
N40: RMSD | O40: =IFERROR(__xludf.DUMMYFUNCTION("ARRAYFORMULA(sqrt(SUM(ABS(FILTER(O2:O36, ROW(O2:O36)<>3, ROW(O2:O36)<>4))^2) / (ROWS(O2:O36)-2)))"),1.11880300720728) -> 1.118803 | P40: =IFERROR(__xludf.DUMMYFUNCTION("ARRAYFORMULA(sqrt(SUM(ABS(FILTER(P2:P36, ROW(P2:P36)<>3, ROW(P2:P36)<>4))^2) / (ROWS(P2:P36)-2)))"),0.623547129894107) -> 0.62354713 | Q40: =IFERROR(__xludf.DUMMYFUNCTION("ARRAYFORMULA(sqrt(SUM(ABS(FILTER(Q2:Q36, ROW(Q2:Q36)<>3, ROW(Q2:Q36)<>4))^2) / (ROWS(Q2:Q36)-2)))"),0.648271979123091) -> 0.64827198 | R40: =IFERROR(__xludf.DUMMYFUNCTION("ARRAYFORMULA(sqrt(SUM(ABS(FILTER(R2:R36, ROW(R2:R36)<>3, ROW(R2:R36)<>4))^2) / (ROWS(R2:R36)-2)))"),0.526790861682489) -> 0.52679086
O41: semi KT | P41: semi D2 | Q41: semi P3 | R41: semi P3+
O43: AVE PS | P43: =IFERROR(__xludf.DUMMYFUNCTION("AVERAGE(FILTER(G2:G36, (ROW(G2:G36)<>3) * (ROW(G2:G36)<>4)))"),0.893818046143489) -> 0.89381805 | Q43: =IFERROR(__xludf.DUMMYFUNCTION("AVERAGE(FILTER(J2:J36, (ROW(J2:J36)<>3) * (ROW(J2:J36)<>4)))"),0.915672767722805) -> 0.91567277 | R43: =IFERROR(__xludf.DUMMYFUNCTION("AVERAGE(FILTER(M2:M36, (ROW(M2:M36)<>3) * (ROW(M2:M36)<>4)))"),0.910834984975033) -> 0.91083498

Sheet STable8
C1: orb | D1: pbeh3c eig | E1: semi eig | F1: hf eig | G1: eomp2 (semi eig) | H1: eomp2 (hf eig) | I1: exp
A2: h2pc | B2: HOMO | C2: 11 Au | D2: -0.21 | E2: -0.186 | F2: -0.194 | G2: 6.3727 | H2: 6.6485 | I2: 6.41
B3: HOMO - 1 | C3: 10 Au | D3: -0.287 | E3: -0.315 | F3: -0.328
B4: HOMO - 2 | C4: 10 Bg | D4: -0.289 | E4: -0.319 | F4: -0.331
B5: LUMO | C5: 11 Bg | D5: -0.1 | E5: -0.003 | F5: -0.011
B6: LUMO +1 | C6: 12 Bg | D6: -0.098 | E6: 0 | F6: -0.009
B7: LUMO + 2 | C7: 12 Au | D7: -0.025 | E7: 0.097 | F7: 0.087
A9: freebase h2p | B9: HOMO | C9: 7 Au | D9: -0.226 | E9: -0.22 | F9: -0.227 | G9: 7.2004 | H9: 7.0614 | I9: 6.9
B10: HOMO - 1 | C10: 6 Au | D10: -0.228 | E10: -0.231 | F10: -0.245
B11: HOMO - 2 | C11: 6 Bg | D11: -0.285 | E11: -0.328 | F11: -0.338
B12: LUMO | C12: 7 Bg | D12: -0.078 | E12: 0.018 | F12: 0.009
B13: LUMO +1 | C13: 8 Bg | D13: -0.077 | E13: 0.02 | F13: 0.011
B14: LUMO + 2 | C14: 8 Au | D14: -0.005 | E14: 0.123 | F14: 0.114
A16: coronene | B16: HOMO | C16: 6 Au | D16: -0.24 | E16: -0.247 | F16: -0.261 | G16: 7.5361 | H16: 7.4 | I16: 7.21
B17: HOMO - 1 | C17: 5 Au | D17: -0.24 | E17: -0.247 | F17: -0.261
B18: HOMO - 2 | C18: 6 Bg | D18: -0.295 | E18: -0.323 | F18: -0.335
B19: LUMO | C19: 7 Bg | D19: -0.043 | E19: 0.068 | F19: 0.06
B20: LUMO +1 | C20: 8 Bg | D20: -0.043 | E20: 0.068 | F20: 0.06
B21: LUMO + 2 | C21: 7 Au | D21: 0.002 | E21: 0.128 | F21: 0.117
A23: c60 | B23: HOMO | C23: 90 Au | D23: -0.272 | E23: -0.279 | F23: -0.2942 | G23: 8.409 | H23: 8.2929 | I23: 7.64
B24: HOMO - 1 | C24: 89 Au | D24: -0.272 | E24: -0.279 | F24: -0.2942
B25: HOMO - 2 | C25: 88 Au | D25: -0.272 | E25: -0.279 | F25: -0.2942
B26: LUMO | C26: 91 Au | D26: -0.126 | E26: -0.023 | F26: -0.0311
B27: LUMO +1 | C27: 92 Au | D27: -0.126 | E27: -0.023 | F27: -0.0311
B28: LUMO + 2 | C28: 93 Au | D28: -0.126 | E28: -0.023 | F28: -0.0311

Sheet SFigure15
B1: CCSD(T) FC | D1: HF | H1: LDA | L1: B3LYP
B2: kcal/mol | C2: eV | F2: kcal/mol | G2: kcal/mol | J2: kcal/mol | K2: kcal/mol | N2: kcal/mol | O2: kcal/mol
A3: Species | B3: S-T CCSDT(Q)_L | C3: S-T CCSDT(Q)_L | D3: CCSD(T) S=0 | E3: CCSD(T) S=1 | F3: S-T CCSD(T) | G3: sgn error | H3: CCSD(T) S=0 | I3: CCSD(T) S=1 | J3: S-T CCSD(T) | K3: sgn error | L3: CCSD(T) S=0 | M3: CCSD(T) S=1 | N3: S-T CCSD(T) | O3: sgn error
A4: AgCl | B4: 75.392 | C4: =(B4/627.5)*27.2114 -> 3.2693576 | D4: -606.86797 | E4: -606.74682 | F4: =(E4-D4)*627.5095 -> 76.025311 | G4: =F4-B4 -> 0.63331106 | H4: -606.86903 | I4: -606.74829 | J4: =(I4-H4)*627.5095 -> 75.769645 | K4: =J4-B4 -> 0.37764487 | L4: -606.86871 | M4: -606.74828 | N4: =(M4-L4)*627.5095 -> 75.573517 | O4: =N4-B4 -> 0.18151677
A5: AgF | B5: 78.707 | C5: =(B5/627.5)*27.2114 -> 3.4131118 | D5: -246.64813 | E5: -246.5351 | F5: =(E5-D5)*627.5095 -> 70.928597 | G5: =F5-B5 -> -7.7784027 | H5: -246.6496 | I5: -246.53633 | J5: =(I5-H5)*627.5095 -> 71.080787 | K5: =J5-B5 -> -7.6262128 | L5: -246.64917 | M5: -246.53608 | N5: =(M5-L5)*627.5095 -> 70.963481 | O5: =N5-B5 -> -7.7435194
A6: AgH | B6: 65.673 | C6: =(B6/627.5)*27.2114 -> 2.8478953 | D6: -147.43312 | E6: -147.32894 | F6: =(E6-D6)*627.5095 -> 65.373664 | G6: =F6-B6 -> -0.29933639 | H6: -147.43415 | I6: -147.32957 | J6: =(I6-H6)*627.5095 -> 65.625031 | K6: =J6-B6 -> -0.047968639 | L6: -147.43382 | M6: -147.32937 | N6: =(M6-L6)*627.5095 -> 65.545783 | O6: =N6-B6 -> -0.12721681
A7: AuCl | B7: 57.284 | C7: =(B7/627.5)*27.2114 -> 2.4841081 | D7: -595.45012 | E7: -595.35936 | F7: =(E7-D7)*627.5095 -> 56.948596 | G7: =F7-B7 -> -0.33540444 | H7: -595.45106 | I7: -595.36314 | J7: =(I7-H7)*627.5095 -> 55.167196 | K7: =J7-B7 -> -2.1168035 | L7: -595.45074 | M7: -595.36276 | N7: =(M7-L7)*627.5095 -> 55.211361 | O7: =N7-B7 -> -2.0726394
A8: AuF | B8: 45.687 | C8: =(B8/627.5)*27.2114 -> 1.9812067 | D8: -235.2215 | E8: -235.1495 | F8: =(E8-D8)*627.5095 -> 45.176122 | G8: =F8-B8 -> -0.51087799 | H8: -235.22271 | I8: -235.14846 | J8: =(I8-H8)*627.5095 -> 46.592085 | K8: =J8-B8 -> 0.90508464 | L8: -235.22233 | M8: -235.15005 | N8: =(M8-L8)*627.5095 -> 45.356744 | O8: =N8-B8 -> -0.33025566
A9: AuH | B9: 72.366 | C9: =(B9/627.5)*27.2114 -> 3.1381357 | D9: -136.05468 | E9: -135.93953 | F9: =(E9-D9)*627.5095 -> 72.260756 | G9: =F9-B9 -> -0.10524393 | H9: -136.05534 | I9: -135.94008 | J9: =(I9-H9)*627.5095 -> 72.327228 | K9: =J9-B9 -> -0.038771848 | L9: -136.05513 | M9: -135.93992 | N9: =(M9-L9)*627.5095 -> 72.297114 | O9: =N9-B9 -> -0.068886029
A10: CdO | B10: 8.187 | C10: =(B10/627.5)*27.2114 -> 0.35502746 | D10: -242.71828 | E10: -242.70669 | F10: =(E10-D10)*627.5095 -> 7.2732242 | G10: =F10-B10 -> -0.91377584 | H10: -242.71972 | I10: -242.70757 | J10: =(I10-H10)*627.5095 -> 7.6245918 | K10: =J10-B10 -> -0.56240817 | L10: -242.71901 | M10: -242.70736 | N10: =(M10-L10)*627.5095 -> 7.3078878 | O10: =N10-B10 -> -0.87911221
A11: CdSe | B11: 8.831 | C11: =(B11/627.5)*27.2114 -> 0.38295438 | D11: -2568.3713 | E11: -2568.3575 | F11: =(E11-D11)*627.5095 -> 8.6440375 | G11: =F11-B11 -> -0.18696251 | H11: -2568.3725 | I11: -2568.3591 | J11: =(I11-H11)*627.5095 -> 8.4608361 | K11: =J11-B11 -> -0.37016391 | L11: -2568.3721 | M11: -2568.3586 | N11: =(M11-L11)*627.5095 -> 8.4333637 | O11: =N11-B11 -> -0.39763628
A12: CdS | B12: 10.44 | C12: =(B12/627.5)*27.2114 -> 0.45272831 | D12: -565.58557 | E12: -565.56933 | F12: =(E12-D12)*627.5095 -> 10.194532 | G12: =F12-B12 -> -0.24546811 | H12: -565.58625 | I12: -565.57034 | J12: =(I12-H12)*627.5095 -> 9.9871337 | K12: =J12-B12 -> -0.45286628 | L12: -565.58594 | M12: -565.57007 | N12: =(M12-L12)*627.5095 -> 9.9565113 | O12: =N12-B12 -> -0.48348874
A13: CuBr | B13: 64.571 | C13: =(B13/627.5)*27.2114 -> 2.8001073 | D13: -4213.2106 | E13: -4213.1112 | F13: =(E13-D13)*627.5095 -> 62.41933 | G13: =F13-B13 -> -2.1516699 | H13: -4213.2174 | I13: -4213.1108 | J13: =(I13-H13)*627.5095 -> 66.867902 | K13: =J13-B13 -> 2.2969018 | L13: -4213.2156 | M13: -4213.1069 | N13: =(M13-L13)*627.5095 -> 68.229459 | O13: =N13-B13 -> 3.6584593
A14: CuCl | B14: 59.917 | C14: =(B14/627.5)*27.2114 -> 2.5982876 | D14: -2099.839 | E14: -2099.7436 | F14: =(E14-D14)*627.5095 -> 59.852879 | G14: =F14-B14 -> -0.064121049 | H14: -2099.8456 | I14: -2099.7392 | J14: =(I14-H14)*627.5095 -> 66.744402 | K14: =J14-B14 -> 6.8274016 | L14: -2099.8439 | M14: -2099.7455 | N14: =(M14-L14)*627.5095 -> 61.730161 | O14: =N14-B14 -> 1.8131615
A15: CuF | B15: 48.046 | C15: =(B15/627.5)*27.2114 -> 2.0835043 | D15: -1739.6254 | E15: -1739.5532 | F15: =(E15-D15)*627.5095 -> 45.298681 | G15: =F15-B15 -> -2.7473191 | H15: -1739.6331 | I15: -1739.5546 | J15: =(I15-H15)*627.5095 -> 49.263832 | K15: =J15-B15 -> 1.2178318 | L15: -1739.6313 | M15: -1739.5548 | N15: =(M15-L15)*627.5095 -> 48.000749 | O15: =N15-B15 -> -0.045250656
... A28: ZnS | B28: 13.381 | C28: =(B28/627.5)*27.2114 -> 0.58026413 | D28: -2176.6505 | E28: -2176.6293 | F28: =(E28-D28)*627.5095 -> 13.318488 | G28: =F28-B28 -> -0.062512469 | H28: -2176.6535 | I28: -2176.6328 | J28: =(I28-H28)*627.5095 -> 12.954563 | K28: =J28-B28 -> -0.4264366 | L28: -2176.6525 | M28: -2176.6318 | N28: =(M28-L28)*627.5095 -> 12.992377 | O28: =N28-B28 -> -0.38862288
F30: MAE | G30: {=SUM(ABS(G4:G28))/ROWS(G4:G28)} -> 1.2885479 | J30: MAE | K30: {=SUM(ABS(K4:K28))/ROWS(K4:K28)} -> 1.5423787 | N30: MAE | O30: {=SUM(ABS(O4:O28))/ROWS(O4:O28)} -> 1.368387
F31: RMSE | G31: {=SQRT(SUM(ABS(G4:G28)^2)/ROWS(G4:G28))} -> 2.1128484 | J31: RMSE | K31: {=SQRT(SUM(ABS(K4:K28)^2)/ROWS(K4:K28))} -> 2.420737 | N31: RMSE | O31: {=SQRT(SUM(ABS(O4:O28)^2)/ROWS(O4:O28))} -> 2.1454687
D33: PBE | H33: PBE0
B34: kcal/mol | C34: eV | F34: kcal/mol | G34: kcal/mol | J34: kcal/mol | K34: kcal/mol
A35: Species | B35: S-T CCSDT(Q)_L | C35: S-T CCSDT(Q)_L | D35: CCSD(T) S=0 | E35: CCSD(T) S=1 | F35: S-T CCSD(T) | G35: sgn error | H35: CCSD(T) S=0 | I35: CCSD(T) S=1 | J35: S-T CCSD(T) | K35: sgn error
A36: AgCl | B36: 75.392 | C36: =(B36/627.5)*27.2114 -> 3.2693576 | D36: -606.86891 | E36: -606.74812 | F36: =(E36-D36)*627.5095 -> 75.793427 | G36: =F36-B36 -> 0.40142748 | H36: -606.86854 | I36: -606.7483 | J36: =(I36-H36)*627.5095 -> 75.448335 | K36: =J36-B36 -> 0.056334903
A37: AgF | B37: 78.707 | C37: =(B37/627.5)*27.2114 -> 3.4131118 | D37: -246.64954 | E37: -246.53622 | F37: =(E37-D37)*627.5095 -> 71.109057 | G37: =F37-B37 -> -7.5979435 | H37: -246.64893 | I37: -246.53598 | J37: =(I37-H37)*627.5095 -> 70.877882 | K37: =J37-B37 -> -7.829118
A38: AgH | B38: 65.673 | C38: =(B38/627.5)*27.2114 -> 2.8478953 | D38: -147.43402 | E38: -147.32947 | F38: =(E38-D38)*627.5095 -> 65.608064 | G38: =F38-B38 -> -0.064936496 | H38: -147.43369 | I38: -147.32932 | J38: =(I38-H38)*627.5095 -> 65.496398 | K38: =J38-B38 -> -0.17660181
A39: AuCl | B39: 57.284 | C39: =(B39/627.5)*27.2114 -> 2.4841081 | D39: -595.45091 | E39: -595.36305 | F39: =(E39-D39)*627.5095 -> 55.133957 | G39: =F39-B39 -> -2.1500427 | H39: -595.45059 | I39: -595.36221 | J39: =(I39-H39)*627.5095 -> 55.462973 | K39: =J39-B39 -> -1.8210269
A40: AuF | B40: 45.687 | C40: =(B40/627.5)*27.2114 -> 1.9812067 | D40: -235.22262 | E40: -235.14924 | F40: =(E40-D40)*627.5095 -> 46.047325 | G40: =F40-B40 -> 0.36032482 | H40: -235.22213 | I40: -235.14996 | J40: =(I40-H40)*627.5095 -> 45.286639 | K40: =J40-B40 -> -0.40036102
A41: AuH | B41: 72.366 | C41: =(B41/627.5)*27.2114 -> 3.1381357 | D41: -136.05524 | E41: -135.93999 | F41: =(E41-D41)*627.5095 -> 72.317753 | G41: =F41-B41 -> -0.048247241 | H41: -136.05505 | I41: -135.93987 | J41: =(I41-H41)*627.5095 -> 72.280541 | K41: =J41-B41 -> -0.085458554
A42: CdO | B42: 8.187 | C42: =(B42/627.5)*27.2114 -> 0.35502746 | D42: -242.71958 | E42: -242.7075 | F42: =(E42-D42)*627.5095 -> 7.5799069 | G42: =F42-B42 -> -0.60709312 | H42: -242.7189 | I42: -242.70726 | J42: =(I42-H42)*627.5095 -> 7.3039972 | K42: =J42-B42 -> -0.88300277
A43: CdSe | B43: 8.831 | C43: =(B43/627.5)*27.2114 -> 0.38295438 | D43: -2568.3723 | E43: -2568.3588 | F43: =(E43-D43)*627.5095 -> 8.4566192 | G43: =F43-B43 -> -0.37438077 | H43: -2568.3719 | I43: -2568.3585 | J43: =(I43-H43)*627.5095 -> 8.4401408 | K43: =J43-B43 -> -0.39085917
A44: CdS | B44: 10.44 | C44: =(B44/627.5)*27.2114 -> 0.45272831 | D44: -565.58612 | E44: -565.57021 | F44: =(E44-D44)*627.5095 -> 9.985703 | G44: =F44-B44 -> -0.454297 | H44: -565.58586 | I44: -565.56997 | J44: =(I44-H44)*627.5095 -> 9.9673295 | K44: =J44-B44 -> -0.47267048
A45: CuBr | B45: 64.571 | C45: =(B45/627.5)*27.2114 -> 2.8001073 | D45: -4213.2172 | E45: -4213.1106 | F45: =(E45-D45)*627.5095 -> 66.883972 | G45: =F45-B45 -> 2.3129723 | H45: -4213.2149 | I45: -4213.1131 | J45: =(I45-H45)*627.5095 -> 63.886372 | K45: =J45-B45 -> -0.68462804
A46: CuCl | B46: 59.917 | C46: =(B46/627.5)*27.2114 -> 2.5982876 | D46: -2099.8455 | E46: -2099.7392 | F46: =(E46-D46)*627.5095 -> 66.662606 | G46: =F46-B46 -> 6.7456058 | H46: -2099.8432 | I46: -2099.7456 | J46: =(I46-H46)*627.5095 -> 61.24841 | K46: =J46-B46 -> 1.3314099
A47: CuF | B47: 48.046 | C47: =(B47/627.5)*27.2114 -> 2.0835043 | D47: -1739.633 | E47: -1739.5546 | F47: =(E47-D47)*627.5095 -> 49.206308 | G47: =F47-B47 -> 1.160308 | H47: -1739.6304 | I47: -1739.5547 | J47: =(I47-H47)*627.5095 -> 47.531686 | K47: =J47-B47 -> -0.51431401
... A60: ZnS | B60: 13.381 | C60: =(B60/627.5)*27.2114 -> 0.58026413 | D60: -2176.6533 | E60: -2176.6326 | F60: =(E60-D60)*627.5095 -> 12.95676 | G60: =F60-B60 -> -0.42424032 | H60: -2176.6522 | I60: -2176.6315 | J60: =(I60-H60)*627.5095 -> 13.021092 | K60: =J60-B60 -> -0.35990805
F62: MAE | G62: {=SUM(ABS(G36:G60))/ROWS(G36:G60)} -> 1.5328975 | J62: MAE | K62: {=SUM(ABS(K36:K60))/ROWS(K36:K60)} -> 1.2471344
F63: RMSE | G63: {=SQRT(SUM(ABS(G36:G60)^2)/ROWS(G36:G60))} -> 2.4129395 | J63: RMSE | K63: {=SQRT(SUM(ABS(K36:K60)^2)/ROWS(K36:K60))} -> 2.0234139
D65: SCAN | H65: SCAN0
B66: kcal/mol | C66: eV | F66: kcal/mol | G66: kcal/mol | J66: kcal/mol | K66: kcal/mol
A67: Species | B67: S-T CCSDT(Q)_L | C67: S-T CCSDT(Q)_L | D67: CCSD(T) S=0 | E67: CCSD(T) S=1 | F67: S-T CCSD(T) | G67: sgn error | H67: CCSD(T) S=0 | I67: CCSD(T) S=1 | J67: S-T CCSD(T) | K67: sgn error
A68: AgCl | B68: 75.392 | C68: =(B68/627.5)*27.2114 -> 3.2693576 | D68: -606.86872 | E68: -606.74811 | F68: =(E68-D68)*627.5095 -> 75.680965 | G68: =F68-B68 -> 0.28896523 | H68: -606.86845 | I68: -606.74821 | J68: =(I68-H68)*627.5095 -> 75.4506 | K68: =J68-B68 -> 0.058600213
A69: AgF | B69: 78.707 | C69: =(B69/627.5)*27.2114 -> 3.4131118 | D69: -246.64922 | E69: -246.5361 | F69: =(E69-D69)*627.5095 -> 70.985387 | G69: =F69-B69 -> -7.7216131 | H69: -246.64877 | I69: -246.53595 | J69: =(I69-H69)*627.5095 -> 70.79699 | K69: =J69-B69 -> -7.9100102
A70: AgH | B70: 65.673 | C70: =(B70/627.5)*27.2114 -> 2.8478953 | D70: -147.43394 | E70: -147.32935 | F70: =(E70-D70)*627.5095 -> 65.630811 | G70: =F70-B70 -> -0.042189276 | H70: -147.43365 | I70: -147.32926 | J70: =(I70-H70)*627.5095 -> 65.506551 | K70: =J70-B70 -> -0.16644871
A71: AuCl | B71: 57.284 | C71: =(B71/627.5)*27.2114 -> 2.4841081 | D71: -595.45081 | E71: -595.36294 | F71: =(E71-D71)*627.5095 -> 55.138463 | G71: =F71-B71 -> -2.1455372 | H71: -595.45056 | I71: -595.3621 | J71: =(I71-H71)*627.5095 -> 55.510488 | K71: =J71-B71 -> -1.7735119
A72: AuF | B72: 45.687 | C72: =(B72/627.5)*27.2114 -> 1.9812067 | D72: -235.22241 | E72: -235.15003 | F72: =(E72-D72)*627.5095 -> 45.421666 | G72: =F72-B72 -> -0.26533353 | H72: -235.22203 | I72: -235.14993 | J72: =(I72-H72)*627.5095 -> 45.24405 | K72: =J72-B72 -> -0.44295009
A73: AuH | B73: 72.366 | C73: =(B73/627.5)*27.2114 -> 3.1381357 | D73: -136.0552 | E73: -135.9399 | F73: =(E73-D73)*627.5095 -> 72.351306 | G73: =F73-B73 -> -0.014694308 | H73: -136.05505 | I73: -135.93982 | J73: =(I73-H73)*627.5095 -> 72.30819 | K73: =J73-B73 -> -0.057810486
A74: CdO | B74: 8.187 | C74: =(B74/627.5)*27.2114 -> 0.35502746 | D74: -242.71913 | E74: -242.7074 | F74: =(E74-D74)*627.5095 -> 7.3594879 | G74: =F74-B74 -> -0.82751211 | H74: -242.7187 | I74: -242.7072 | J74: =(I74-H74)*627.5095 -> 7.2114082 | K74: =J74-B74 -> -0.9755918
A75: CdSe | B75: 8.831 | C75: =(B75/627.5)*27.2114 -> 0.38295438 | D75: -2568.3721 | E75: -2568.3587 | F75: =(E75-D75)*627.5095 -> 8.4498547 | G75: =F75-B75 -> -0.38114533 | H75: -2568.3718 | I75: -2568.3584 | J75: =(I75-H75)*627.5095 -> 8.4438055 | K75: =J75-B75 -> -0.38719452
A76: CdS | B76: 10.44 | C76: =(B76/627.5)*27.2114 -> 0.45272831 | D76: -565.58602 | E76: -565.57011 | F76: =(E76-D76)*627.5095 -> 9.9854394 | G76: =F76-B76 -> -0.45456055 | H76: -565.58582 | I76: -565.56992 | J76: =(I76-H76)*627.5095 -> 9.9789824 | K76: =J76-B76 -> -0.46101763
A77: CuBr | B77: 64.571 | C77: =(B77/627.5)*27.2114 -> 2.8001073 | D77: -4213.2161 | E77: -4213.1056 | F77: =(E77-D77)*627.5095 -> 69.369299 | G77: =F77-B77 -> 4.798299 | H77: -4213.2142 | I77: -4213.1134 | J77: =(I77-H77)*627.5095 -> 63.245553 | K77: =J77-B77 -> -1.325447
A78: CuCl | B78: 59.917 | C78: =(B78/627.5)*27.2114 -> 2.5982876 | D78: -2099.8444 | E78: -2099.7436 | F78: =(E78-D78)*627.5095 -> 63.309251 | G78: =F78-B78 -> 3.3922515 | H78: -2099.8426 | I78: -2099.7454 | J78: =(I78-H78)*627.5095 -> 60.960534 | K78: =J78-B78 -> 1.0435336
A79: CuF | B79: 48.046 | C79: =(B79/627.5)*27.2114 -> 2.0835043 | D79: -1739.6319 | E79: -1739.5547 | F79: =(E79-D79)*627.5095 -> 48.461705 | G79: =F79-B79 -> 0.41570527 | H79: -1739.6298 | I79: -1739.5546 | J79: =(I79-H79)*627.5095 -> 47.170517 | K79: =J79-B79 -> -0.87548338
... A92: ZnS | B92: 13.381 | C92: =(B92/627.5)*27.2114 -> 0.58026413 | D92: -2176.6528 | E92: -2176.632 | F92: =(E92-D92)*627.5095 -> 13.007688 | G92: =F92-B92 -> -0.37331165 | H92: -2176.6519 | I92: -2176.6311 | J92: =(I92-H92)*627.5095 -> 13.050911 | K92: =J92-B92 -> -0.33008879
F94: MAE | G94: {=SUM(ABS(G68:G92))/ROWS(G68:G92)} -> 1.483497 | J94: MAE | K94: {=SUM(ABS(K68:K92))/ROWS(K68:K92)} -> 1.2877973
F95: RMSE | G95: {=SQRT(SUM(ABS(G68:G92)^2)/ROWS(G68:G92))} -> 2.2945453 | J95: RMSE | K95: {=SQRT(SUM(ABS(K68:K92)^2)/ROWS(K68:K92))} -> 2.0530733

Sheet SFigure20
B2: kcal/mol | C2: kcal/mol
B3: MAE | C3: RMSE
A4: HF | B4: 1.2885479 | C4: 2.1128484
A5: LDA | B5: 1.5423787 | C5: 2.420737
A6: B3LYP | B6: 1.368387 | C6: 2.1454687
A7: PBE | B7: 1.5328975 | C7: 2.4129395
A8: PBE0 | B8: 1.2471344 | C8: 2.0234139
A9: SCAN | B9: 1.483497 | C9: 2.2945453
A10: SCAN0 | B10: 1.2877973 | C10: 2.0530733
B21: errors eV
A22: Species | B22: HF | C22: LDA | D22: B3LYP | E22: PBE | F22: PBE0 | G22: SCAN | H22: SCAN0
A23: AgCl | B23: 0.63331106 | C23: 0.37764487 | D23: 0.18151677 | E23: 0.40142748 | F23: 0.056334903 | G23: 0.28896523 | H23: 0.058600213
A24: AgF | B24: -7.7784027 | C24: -7.6262128 | D24: -7.7435194 | E24: -7.5979435 | F24: -7.829118 | G24: -7.7216131 | H24: -7.9100102
A25: AgH | B25: -0.29933639 | C25: -0.047968639 | D25: -0.12721681 | E25: -0.064936496 | F25: -0.17660181 | G25: -0.042189276 | H25: -0.16644871
A26: AuCl | B26: -0.33540444 | C26: -2.1168035 | D26: -2.0726394 | E26: -2.1500427 | F26: -1.8210269 | G26: -2.1455372 | H26: -1.7735119
A27: AuF | B27: -0.51087799 | C27: 0.90508464 | D27: -0.33025566 | E27: 0.36032482 | F27: -0.40036102 | G27: -0.26533353 | H27: -0.44295009
A28: AuH | B28: -0.10524393 | C28: -0.038771848 | D28: -0.068886029 | E28: -0.048247241 | F28: -0.085458554 | G28: -0.014694308 | H28: -0.057810486
A29: CdO | B29: -0.91377584 | C29: -0.56240817 | D29: -0.87911221 | E29: -0.60709312 | F29: -0.88300277 | G29: -0.82751211 | H29: -0.9755918
A30: CdSe | B30: -0.18696251 | C30: -0.37016391 | D30: -0.39763628 | E30: -0.37438077 | F30: -0.39085917 | G30: -0.38114533 | H30: -0.38719452
A31: CdS | B31: -0.24546811 | C31: -0.45286628 | D31: -0.48348874 | E31: -0.454297 | F31: -0.47267048 | G31: -0.45456055 | H31: -0.46101763
A32: CuBr | B32: -2.1516699 | C32: 2.2969018 | D32: 3.6584593 | E32: 2.3129723 | F32: -0.68462804 | G32: 4.798299 | H32: -1.325447
A33: CuCl | B33: -0.064121049 | C33: 6.8274016 | D33: 1.8131615 | E33: 6.7456058 | F33: 1.3314099 | G33: 3.3922515 | H33: 1.0435336
A34: CuF | B34: -2.7473191 | C34: 1.2178318 | D34: -0.045250656 | E34: 1.160308 | F34: -0.51431401 | G34: 0.41570527 | H34: -0.87548338
... A47: ZnS | B47: -0.062512469 | C47: -0.4264366 | D47: -0.38862288 | E47: -0.42424032 | F47: -0.35990805 | G47: -0.37331165 | H47: -0.33008879
D49: abs error < HF?
A50: Species | B50: LDA | C50: B3LYP | D50: PBE | E50: PBE0 | F50: SCAN | G50: SCAN0 | H50: small gap? | I50: (<11.5 kcal/mol)
A51: AgCl | B51: =ABS(C23) < ABS(B23) -> TRUE | C51: =ABS(D23) < ABS(B23) -> TRUE | D51: =ABS(E23) < ABS(B23) -> TRUE | E51: =ABS(F23) < ABS(B23) -> TRUE | F51: =ABS(G23) < ABS(B23) -> TRUE | G51: =ABS(H23) < ABS(B23) -> TRUE | H51: =SFigure15!B4 < 11.5 -> FALSE
A52: AgF | B52: =ABS(C24) < ABS(B24) -> TRUE | C52: =ABS(D24) < ABS(B24) -> TRUE | D52: =ABS(E24) < ABS(B24) -> TRUE | E52: =ABS(F24) < ABS(B24) -> FALSE | F52: =ABS(G24) < ABS(B24) -> TRUE | G52: =ABS(H24) < ABS(B24) -> FALSE | H52: =SFigure15!B5 < 11.5 -> FALSE
A53: AgH | B53: =ABS(C25) < ABS(B25) -> TRUE | C53: =ABS(D25) < ABS(B25) -> TRUE | D53: =ABS(E25) < ABS(B25) -> TRUE | E53: =ABS(F25) < ABS(B25) -> TRUE | F53: =ABS(G25) < ABS(B25) -> TRUE | G53: =ABS(H25) < ABS(B25) -> TRUE | H53: =SFigure15!B6 < 11.5 -> FALSE | K53: =0.5/27.2114 -> 0.018374652 | L53: 0.5ev > ha
A54: AuCl | B54: =ABS(C26) < ABS(B26) -> FALSE | C54: =ABS(D26) < ABS(B26) -> FALSE | D54: =ABS(E26) < ABS(B26) -> FALSE | E54: =ABS(F26) < ABS(B26) -> FALSE | F54: =ABS(G26) < ABS(B26) -> FALSE | G54: =ABS(H26) < ABS(B26) -> FALSE | H54: =SFigure15!B7 < 11.5 -> FALSE | K54: =K53*627.509 -> 11.530259 | L54: ha > kcal
A55: AuF | B55: =ABS(C27) < ABS(B27) -> FALSE | C55: =ABS(D27) < ABS(B27) -> TRUE | D55: =ABS(E27) < ABS(B27) -> TRUE | E55: =ABS(F27) < ABS(B27) -> TRUE | F55: =ABS(G27) < ABS(B27) -> TRUE | G55: =ABS(H27) < ABS(B27) -> TRUE | H55: =SFigure15!B8 < 11.5 -> FALSE
A56: AuH | B56: =ABS(C28) < ABS(B28) -> TRUE | C56: =ABS(D28) < ABS(B28) -> TRUE | D56: =ABS(E28) < ABS(B28) -> TRUE | E56: =ABS(F28) < ABS(B28) -> TRUE | F56: =ABS(G28) < ABS(B28) -> TRUE | G56: =ABS(H28) < ABS(B28) -> TRUE | H56: =SFigure15!B9 < 11.5 -> FALSE
A57: CdO | B57: =ABS(C29) < ABS(B29) -> TRUE | C57: =ABS(D29) < ABS(B29) -> TRUE | D57: =ABS(E29) < ABS(B29) -> TRUE | E57: =ABS(F29) < ABS(B29) -> TRUE | F57: =ABS(G29) < ABS(B29) -> TRUE | G57: =ABS(H29) < ABS(B29) -> FALSE | H57: =SFigure15!B10 < 11.5 -> TRUE
A58: CdSe | B58: =ABS(C30) < ABS(B30) -> FALSE | C58: =ABS(D30) < ABS(B30) -> FALSE | D58: =ABS(E30) < ABS(B30) -> FALSE | E58: =ABS(F30) < ABS(B30) -> FALSE | F58: =ABS(G30) < ABS(B30) -> FALSE | G58: =ABS(H30) < ABS(B30) -> FALSE | H58: =SFigure15!B11 < 11.5 -> TRUE
A59: CdS | B59: =ABS(C31) < ABS(B31) -> FALSE | C59: =ABS(D31) < ABS(B31) -> FALSE | D59: =ABS(E31) < ABS(B31) -> FALSE | E59: =ABS(F31) < ABS(B31) -> FALSE | F59: =ABS(G31) < ABS(B31) -> FALSE | G59: =ABS(H31) < ABS(B31) -> FALSE | H59: =SFigure15!B12 < 11.5 -> TRUE
A60: CuBr | B60: =ABS(C32) < ABS(B32) -> FALSE | C60: =ABS(D32) < ABS(B32) -> FALSE | D60: =ABS(E32) < ABS(B32) -> FALSE | E60: =ABS(F32) < ABS(B32) -> TRUE | F60: =ABS(G32) < ABS(B32) -> FALSE | G60: =ABS(H32) < ABS(B32) -> TRUE | H60: =SFigure15!B13 < 11.5 -> FALSE
A61: CuCl | B61: =ABS(C33) < ABS(B33) -> FALSE | C61: =ABS(D33) < ABS(B33) -> FALSE | D61: =ABS(E33) < ABS(B33) -> FALSE | E61: =ABS(F33) < ABS(B33) -> FALSE | F61: =ABS(G33) < ABS(B33) -> FALSE | G61: =ABS(H33) < ABS(B33) -> FALSE | H61: =SFigure15!B14 < 11.5 -> FALSE
A62: CuF | B62: =ABS(C34) < ABS(B34) -> TRUE | C62: =ABS(D34) < ABS(B34) -> TRUE | D62: =ABS(E34) < ABS(B34) -> TRUE | E62: =ABS(F34) < ABS(B34) -> TRUE | F62: =ABS(G34) < ABS(B34) -> TRUE | G62: =ABS(H34) < ABS(B34) -> TRUE | H62: =SFigure15!B15 < 11.5 -> FALSE
A63: CuH | B63: =ABS(C35) < ABS(B35) -> FALSE | C63: =ABS(D35) < ABS(B35) -> TRUE | D63: =ABS(E35) < ABS(B35) -> FALSE | E63: =ABS(F35) < ABS(B35) -> TRUE | F63: =ABS(G35) < ABS(B35) -> FALSE | G63: =ABS(H35) < ABS(B35) -> TRUE | H63: =SFigure15!B16 < 11.5 -> FALSE
A64: HgO | B64: =ABS(C36) < ABS(B36) -> TRUE | C64: =ABS(D36) < ABS(B36) -> FALSE | D64: =ABS(E36) < ABS(B36) -> TRUE | E64: =ABS(F36) < ABS(B36) -> FALSE | F64: =ABS(G36) < ABS(B36) -> FALSE | G64: =ABS(H36) < ABS(B36) -> FALSE | H64: =SFigure15!B17 < 11.5 -> TRUE
A65: HgSe | B65: =ABS(C37) < ABS(B37) -> FALSE | C65: =ABS(D37) < ABS(B37) -> FALSE | D65: =ABS(E37) < ABS(B37) -> FALSE | E65: =ABS(F37) < ABS(B37) -> FALSE | F65: =ABS(G37) < ABS(B37) -> FALSE | G65: =ABS(H37) < ABS(B37) -> FALSE | H65: =SFigure15!B18 < 11.5 -> TRUE
A66: HgS | B66: =ABS(C38) < ABS(B38) -> FALSE | C66: =ABS(D38) < ABS(B38) -> FALSE | D66: =ABS(E38) < ABS(B38) -> FALSE | E66: =ABS(F38) < ABS(B38) -> FALSE | F66: =ABS(G38) < ABS(B38) -> FALSE | G66: =ABS(H38) < ABS(B38) -> FALSE | H66: =SFigure15!B19 < 11.5 -> TRUE
... A75: ZnS | B75: =ABS(C47) < ABS(B47) -> FALSE | C75: =ABS(D47) < ABS(B47) -> FALSE | D75: =ABS(E47) < ABS(B47) -> FALSE | E75: =ABS(F47) < ABS(B47) -> FALSE | F75: =ABS(G47) < ABS(B47) -> FALSE | G75: =ABS(H47) < ABS(B47) -> FALSE | H75: =SFigure15!B28 < 11.5 -> FALSE
A76: #Trues | B76: =SUMPRODUCT(--(ABS(C23:C47) < ABS(B23:B47))) -> 13 | C76: =SUMPRODUCT(--(ABS(D23:D47) < ABS(C23:C47))) -> 9 | D76: =SUMPRODUCT(--(ABS(E23:E47) < ABS(D23:D47))) -> 17 | E76: =SUMPRODUCT(--(ABS(F23:F47) < ABS(E23:E47))) -> 8 | F76: =SUMPRODUCT(--(ABS(G23:G47) < ABS(F23:F47))) -> 18 | G76: =SUMPRODUCT(--(ABS(H23:H47) < ABS(G23:G47))) -> 7

Sheet SFigure16-17-Data-1
D1: S=0
B2: NED N-normalized | I2: S = 0 Total energies: ABS DFT minus HF Hartrees
A3: Species | B3: LDA | C3: B3LYP | D3: PBE | E3: PBE0 | F3: SCAN | G3: SCAN0 | I3: Species | J3: LDA | K3: B3LYP | L3: PBE | M3: PBE0 | N3: SCAN | O3: SCAN0
A4: AgCl | B4: 0.02768262 | C4: 0.02095924 | D4: 0.02553168 | E4: 0.01743706 | F4: 0.02206215 | G4: 0.01553436 | I4: AgCl | J4: =ABS(SFigure15!H4-SFigure15!D4) -> 0.00105967 | K4: =ABS(SFigure15!L4-SFigure15!D4) -> 0.00074068 | L4: =ABS(SFigure15!D36-SFigure15!D4) -> 0.00093566 | M4: =ABS(SFigure15!H36-SFigure15!D4) -> 0.00056487 | N4: =ABS(SFigure15!D68-SFigure15!D4) -> 0.0007478 | O4: =ABS(SFigure15!H68-SFigure15!D4) -> 0.00047336
A5: AgF | B5: 0.03425723 | C5: 0.02606272 | D5: 0.03268086 | E5: 0.0219363 | F5: 0.02838313 | G5: 0.0194242 | I5: AgF | J5: =ABS(SFigure15!H5-SFigure15!D5) -> 0.00146896 | K5: =ABS(SFigure15!L5-SFigure15!D5) -> 0.00104067 | L5: =ABS(SFigure15!D37-SFigure15!D5) -> 0.00140325 | M5: =ABS(SFigure15!H37-SFigure15!D5) -> 0.00079434 | N5: =ABS(SFigure15!D69-SFigure15!D5) -> 0.00108756 | O5: =ABS(SFigure15!H69-SFigure15!D5) -> 0.00063666
A6: AgH | B6: 0.03918317 | C6: 0.03007368 | D6: 0.03674737 | E6: 0.02586164 | F6: 0.03557761 | G6: 0.02562503 | I6: AgH | J6: =ABS(SFigure15!H6-SFigure15!D6) -> 0.00103504 | K6: =ABS(SFigure15!L6-SFigure15!D6) -> 0.00070582 | L6: =ABS(SFigure15!D38-SFigure15!D6) -> 0.00090924 | M6: =ABS(SFigure15!H38-SFigure15!D6) -> 0.00057629 | N6: =ABS(SFigure15!D70-SFigure15!D6) -> 0.00082033 | O6: =ABS(SFigure15!H70-SFigure15!D6) -> 0.00053665
A7: AuCl | B7: 0.02783611 | C7: 0.02092198 | D7: 0.02541239 | E7: 0.01795964 | F7: 0.02389209 | G7: 0.01741455 | I7: AuCl | J7: =ABS(SFigure15!H7-SFigure15!D7) -> 0.00094244 | K7: =ABS(SFigure15!L7-SFigure15!D7) -> 0.00062667 | L7: =ABS(SFigure15!D39-SFigure15!D7) -> 0.00079502 | M7: =ABS(SFigure15!H39-SFigure15!D7) -> 0.00047814 | N7: =ABS(SFigure15!D71-SFigure15!D7) -> 0.0006956 | O7: =ABS(SFigure15!H71-SFigure15!D7) -> 0.00044019
A8: AuF | B8: 0.03406557 | C8: 0.02580465 | D8: 0.03200515 | E8: 0.02219752 | F8: 0.02976889 | G8: 0.02115017 | I8: AuF | J8: =ABS(SFigure15!H8-SFigure15!D8) -> 0.00121278 | K8: =ABS(SFigure15!L8-SFigure15!D8) -> 0.00083673 | L8: =ABS(SFigure15!D40-SFigure15!D8) -> 0.00112153 | M8: =ABS(SFigure15!H40-SFigure15!D8) -> 0.00063014 | N8: =ABS(SFigure15!D72-SFigure15!D8) -> 0.00091878 | O8: =ABS(SFigure15!H72-SFigure15!D8) -> 0.000539
A9: AuH | B9: 0.03573967 | C9: 0.02700494 | D9: 0.03296316 | E9: 0.02371861 | F9: 0.03304318 | G9: 0.0246315 | I9: AuH | J9: =ABS(SFigure15!H9-SFigure15!D9) -> 0.00065714 | K9: =ABS(SFigure15!L9-SFigure15!D9) -> 0.00044443 | L9: =ABS(SFigure15!D41-SFigure15!D9) -> 0.00055401 | M9: =ABS(SFigure15!H41-SFigure15!D9) -> 0.00036794 | N9: =ABS(SFigure15!D73-SFigure15!D9) -> 0.00051813 | O9: =ABS(SFigure15!H73-SFigure15!D9) -> 0.00036398
A10: CdO | B10: 0.03565409 | C10: 0.02618307 | D10: 0.0331619 | E10: 0.02355834 | F10: 0.0303792 | G10: 0.02199505 | I10: CdO | J10: =ABS(SFigure15!H10-SFigure15!D10) -> 0.00144518 | K10: =ABS(SFigure15!L10-SFigure15!D10) -> 0.00073133 | L10: =ABS(SFigure15!D42-SFigure15!D10) -> 0.00130108 | M10: =ABS(SFigure15!H42-SFigure15!D10) -> 0.00062164 | N10: =ABS(SFigure15!D74-SFigure15!D10) -> 0.0008475 | O10: =ABS(SFigure15!H74-SFigure15!D10) -> 0.00041653
A11: CdSe | B11: 0.02024124 | C11: 0.01554001 | D11: 0.01825629 | E11: 0.01304333 | F11: 0.01750551 | G11: 0.01285497 | I11: CdSe | J11: =ABS(SFigure15!H11-SFigure15!D11) -> 0.00125994 | K11: =ABS(SFigure15!L11-SFigure15!D11) -> 0.00078272 | L11: =ABS(SFigure15!D43-SFigure15!D11) -> 0.00104359 | M11: =ABS(SFigure15!H43-SFigure15!D11) -> 0.0006448 | N11: =ABS(SFigure15!D75-SFigure15!D11) -> 0.00084891 | O11: =ABS(SFigure15!H75-SFigure15!D11) -> 0.00053921
A12: CdS | B12: 0.02601083 | C12: 0.0198733 | D12: 0.02339005 | E12: 0.01660553 | F12: 0.02193778 | G12: 0.01602437 | I12: CdS | J12: =ABS(SFigure15!H12-SFigure15!D12) -> 0.00067985 | K12: =ABS(SFigure15!L12-SFigure15!D12) -> 0.00036496 | L12: =ABS(SFigure15!D44-SFigure15!D12) -> 0.00054617 | M12: =ABS(SFigure15!H44-SFigure15!D12) -> 0.00028129 | N12: =ABS(SFigure15!D76-SFigure15!D12) -> 0.00044575 | O12: =ABS(SFigure15!H76-SFigure15!D12) -> 0.00024508
A13: CuBr | B13: 0.01999477 | C13: 0.01527427 | D13: 0.01917052 | E13: 0.01323332 | F13: 0.01709755 | G13: 0.01205918 | I13: CuBr | J13: =ABS(SFigure15!H13-SFigure15!D13) -> 0.00675363 | K13: =ABS(SFigure15!L13-SFigure15!D13) -> 0.00497211 | L13: =ABS(SFigure15!D45-SFigure15!D13) -> 0.00654702 | M13: =ABS(SFigure15!H45-SFigure15!D13) -> 0.00424985 | N13: =ABS(SFigure15!D77-SFigure15!D13) -> 0.00550166 | O13: =ABS(SFigure15!H77-SFigure15!D13) -> 0.00360124
A14: CuCl | B14: 0.0242703 | C14: 0.01851396 | D14: 0.02346686 | E14: 0.01606893 | F14: 0.02065485 | G14: 0.01439837 | I14: CuCl | J14: =ABS(SFigure15!H14-SFigure15!D14) -> 0.00658503 | K14: =ABS(SFigure15!L14-SFigure15!D14) -> 0.00494066 | L14: =ABS(SFigure15!D46-SFigure15!D14) -> 0.00647186 | M14: =ABS(SFigure15!H46-SFigure15!D14) -> 0.00421561 | N14: =ABS(SFigure15!D78-SFigure15!D14) -> 0.00546933 | O14: =ABS(SFigure15!H78-SFigure15!D14) -> 0.00359444
A15: CuF | B15: 0.02864898 | C15: 0.02212679 | D15: 0.02845901 | E15: 0.01939053 | F15: 0.02533601 | G15: 0.01743561 | I15: CuF | J15: =ABS(SFigure15!H15-SFigure15!D15) -> 0.00765916 | K15: =ABS(SFigure15!L15-SFigure15!D15) -> 0.00591399 | L15: =ABS(SFigure15!D47-SFigure15!D15) -> 0.00761371 | M15: =ABS(SFigure15!H47-SFigure15!D15) -> 0.00502722 | N15: =ABS(SFigure15!D79-SFigure15!D15) -> 0.00652976 | O15: =ABS(SFigure15!H79-SFigure15!D15) -> 0.00434925
... A28: ZnS | B28: 0.0219514 | C28: 0.01691268 | D28: 0.02035513 | E28: 0.01444968 | F28: 0.01851377 | G28: 0.01339836 | I28: ZnS | J28: =ABS(SFigure15!H28-SFigure15!D28) -> 0.00296367 | K28: =ABS(SFigure15!L28-SFigure15!D28) -> 0.00200259 | L28: =ABS(SFigure15!D60-SFigure15!D28) -> 0.00275834 | M28: =ABS(SFigure15!H60-SFigure15!D28) -> 0.00171315 | N28: =ABS(SFigure15!D92-SFigure15!D28) -> 0.00223909 | O28: =ABS(SFigure15!H92-SFigure15!D28) -> 0.00139365
A30: AVE | B30: =AVERAGE(B4:B28) -> 0.028457054 | C30: =AVERAGE(C4:C28) -> 0.021660278 | D30: =AVERAGE(D4:D28) -> 0.026476585 | E30: =AVERAGE(E4:E28) -> 0.018906 | F30: =AVERAGE(F4:F28) -> 0.024309562 | G30: =AVERAGE(G4:G28) -> 0.017832169 | I30: AVE | J30: =AVERAGE(J4:J28) -> 0.0023408568 | K30: =AVERAGE(K4:K28) -> 0.0016362344 | L30: =AVERAGE(L4:L28) -> 0.0021961488 | M30: =AVERAGE(M4:M28) -> 0.0013738796 | N30: =AVERAGE(N4:N28) -> 0.0018175916 | O30: =AVERAGE(O4:O28) -> 0.0011658308
A31: MAX | B31: =MAX(B4:B29) -> 0.03918317 | C31: =MAX(C4:C29) -> 0.03032052 | D31: =MAX(D4:D29) -> 0.03674737 | E31: =MAX(E4:E29) -> 0.02778158 | F31: =MAX(F4:F29) -> 0.03557761 | G31: =MAX(G4:G29) -> 0.02638014
D33: S=1
B34: NED N-normalized | I34: S = 0 Total energies: ABS DFT minus HF Hartrees
A35: Species | B35: LDA | C35: B3LYP | D35: PBE | E35: PBE0 | F35: SCAN | G35: SCAN0 | I35: Species | J35: LDA | K35: B3LYP | L35: PBE | M35: PBE0 | N35: SCAN | O35: SCAN0
A36: AgCl | B36: 0.04568511 | C36: 0.03588887 | D36: 0.04513468 | E36: 0.03024407 | F36: 0.03711845 | G36: 0.02803641 | I36: AgCl | J36: =ABS(SFigure15!I4-SFigure15!E4) -> 0.0014671 | K36: =ABS(SFigure15!M4-SFigure15!E4) -> 0.00146066 | L36: =ABS(SFigure15!E36-SFigure15!E4) -> 0.00130519 | M36: =ABS(SFigure15!I36-SFigure15!E4) -> 0.00148434 | N36: =ABS(SFigure15!E68-SFigure15!E4) -> 0.00129655 | O36: =ABS(SFigure15!I68-SFigure15!E4) -> 0.00138922
A37: AgF | B37: 0.04450025 | C37: 0.03834969 | D37: 0.04244951 | E37: 0.03562911 | F37: 0.03869425 | G37: 0.03307193 | I37: AgF | J37: =ABS(SFigure15!I5-SFigure15!E5) -> 0.00122643 | K37: =ABS(SFigure15!M5-SFigure15!E5) -> 0.00098508 | L37: =ABS(SFigure15!E37-SFigure15!E5) -> 0.00111567 | M37: =ABS(SFigure15!I37-SFigure15!E5) -> 0.00087516 | N37: =ABS(SFigure15!E69-SFigure15!E5) -> 0.00099706 | O37: =ABS(SFigure15!I69-SFigure15!E5) -> 0.00084639
A38: AgH | B38: 0.03733052 | C38: 0.03078959 | D38: 0.03497656 | E38: 0.02717255 | F38: 0.03568769 | G38: 0.02818095 | I38: AgH | J38: =ABS(SFigure15!I6-SFigure15!E6) -> 0.00063446 | K38: =ABS(SFigure15!M6-SFigure15!E6) -> 0.00043153 | L38: =ABS(SFigure15!E38-SFigure15!E6) -> 0.0005357 | M38: =ABS(SFigure15!I38-SFigure15!E6) -> 0.0003807 | N38: =ABS(SFigure15!E70-SFigure15!E6) -> 0.00041054 | O38: =ABS(SFigure15!I70-SFigure15!E6) -> 0.00032488
A39: AuCl | B39: 0.04385635 | C39: 0.04989973 | D39: 0.04141266 | E39: 0.04512022 | F39: 0.03840997 | G39: 0.03961671 | I39: AuCl | J39: =ABS(SFigure15!I7-SFigure15!E7) -> 0.00378128 | K39: =ABS(SFigure15!M7-SFigure15!E7) -> 0.00339513 | L39: =ABS(SFigure15!E39-SFigure15!E7) -> 0.00368683 | M39: =ABS(SFigure15!I39-SFigure15!E7) -> 0.00284563 | N39: =ABS(SFigure15!E71-SFigure15!E7) -> 0.00358023 | O39: =ABS(SFigure15!I71-SFigure15!E7) -> 0.00273196
A40: AuF | B40: 0.05208755 | C40: 0.03024721 | D40: 0.04627153 | E40: 0.0269789 | F40: 0.03116628 | G40: 0.02395339 | I40: AuF | J40: =ABS(SFigure15!I8-SFigure15!E8) -> 0.0010437 | K40: =ABS(SFigure15!M8-SFigure15!E8) -> 0.00054889 | L40: =ABS(SFigure15!E40-SFigure15!E8) -> 0.00026682 | M40: =ABS(SFigure15!I40-SFigure15!E8) -> 0.00045402 | N40: =ABS(SFigure15!E72-SFigure15!E8) -> 0.00052748 | O40: =ABS(SFigure15!I72-SFigure15!E8) -> 0.00043075
A41: AuH | B41: 0.03268616 | C41: 0.02549691 | D41: 0.03033405 | E41: 0.02306186 | F41: 0.02599705 | G41: 0.02048785 | I41: AuH | J41: =ABS(SFigure15!I9-SFigure15!E9) -> 0.00055121 | K41: =ABS(SFigure15!M9-SFigure15!E9) -> 0.00038649 | L41: =ABS(SFigure15!E41-SFigure15!E9) -> 0.00046318 | M41: =ABS(SFigure15!I41-SFigure15!E9) -> 0.00033641 | N41: =ABS(SFigure15!E73-SFigure15!E9) -> 0.00037383 | O41: =ABS(SFigure15!I73-SFigure15!E9) -> 0.00028839
A42: CdO | B42: 0.03810508 | C42: 0.02870737 | D42: 0.03460716 | E42: 0.02445121 | F42: 0.03099972 | G42: 0.02254895 | I42: CdO | J42: =ABS(SFigure15!I10-SFigure15!E10) -> 0.00088524 | K42: =ABS(SFigure15!M10-SFigure15!E10) -> 0.00067609 | L42: =ABS(SFigure15!E42-SFigure15!E10) -> 0.00081235 | M42: =ABS(SFigure15!I42-SFigure15!E10) -> 0.0005726 | N42: =ABS(SFigure15!E74-SFigure15!E10) -> 0.00071003 | O42: =ABS(SFigure15!I74-SFigure15!E10) -> 0.00051504
A43: CdSe | B43: 0.02276893 | C43: 0.01760151 | D43: 0.02054275 | E43: 0.0149281 | F43: 0.01900787 | G43: 0.01423817 | I43: CdSe | J43: =ABS(SFigure15!I11-SFigure15!E11) -> 0.00155189 | K43: =ABS(SFigure15!M11-SFigure15!E11) -> 0.00111845 | L43: =ABS(SFigure15!E43-SFigure15!E11) -> 0.00134226 | M43: =ABS(SFigure15!I43-SFigure15!E11) -> 0.00096973 | N43: =ABS(SFigure15!E75-SFigure15!E11) -> 0.00115836 | O43: =ABS(SFigure15!I75-SFigure15!E11) -> 0.0008583
A44: CdS | B44: 0.02968185 | C44: 0.0226535 | D44: 0.02653255 | E44: 0.01911016 | F44: 0.02382927 | G44: 0.01778077 | I44: CdS | J44: =ABS(SFigure15!I12-SFigure15!E12) -> 0.00101036 | K44: =ABS(SFigure15!M12-SFigure15!E12) -> 0.00074427 | L44: =ABS(SFigure15!E44-SFigure15!E12) -> 0.00087896 | M44: =ABS(SFigure15!I44-SFigure15!E12) -> 0.00064336 | N44: =ABS(SFigure15!E76-SFigure15!E12) -> 0.00077896 | O44: =ABS(SFigure15!I76-SFigure15!E12) -> 0.00058858
A45: CuBr | B45: 0.03281685 | C45: 0.03038353 | D45: 0.03077584 | E45: 0.01941186 | F45: 0.02956129 | G45: 0.01432158 | I45: CuBr | J45: =ABS(SFigure15!I13-SFigure15!E13) -> 0.00033562 | K45: =ABS(SFigure15!M13-SFigure15!E13) -> 0.00428692 | L45: =ABS(SFigure15!E45-SFigure15!E13) -> 0.00056784 | M45: =ABS(SFigure15!I45-SFigure15!E13) -> 0.00191197 | N45: =ABS(SFigure15!E77-SFigure15!E13) -> 0.00557382 | O45: =ABS(SFigure15!I77-SFigure15!E13) -> 0.00228457
A46: CuCl | B46: 0.03953865 | C46: 0.02497896 | D46: 0.04677641 | E46: 0.02064715 | F46: 0.02904975 | G46: 0.01671163 | I46: CuCl | J46: =ABS(SFigure15!I14-SFigure15!E14) -> 0.00439731 | K46: =ABS(SFigure15!M14-SFigure15!E14) -> 0.00194902 | L46: =ABS(SFigure15!E46-SFigure15!E14) -> 0.00438013 | M46: =ABS(SFigure15!I46-SFigure15!E14) -> 0.00199169 | N46: =ABS(SFigure15!E78-SFigure15!E14) -> 3.875e-05 | O46: =ABS(SFigure15!I78-SFigure15!E14) -> 0.00182928
A47: CuF | B47: 0.03518987 | C47: 0.0253905 | D47: 0.03289069 | E47: 0.02194978 | F47: 0.02684965 | G47: 0.01847977 | I47: CuF | J47: =ABS(SFigure15!I15-SFigure15!E15) -> 0.00134029 | K47: =ABS(SFigure15!M15-SFigure15!E15) -> 0.00160797 | L47: =ABS(SFigure15!E47-SFigure15!E15) -> 0.00138651 | M47: =ABS(SFigure15!I47-SFigure15!E15) -> 0.0014687 | N47: =ABS(SFigure15!E79-SFigure15!E15) -> 0.00148916 | O47: =ABS(SFigure15!I79-SFigure15!E15) -> 0.00136629
... A60: ZnS | B60: 0.02426089 | C60: 0.01832384 | D60: 0.02218076 | E60: 0.01572725 | F60: 0.01939227 | G60: 0.01425222 | I60: ZnS | J60: =ABS(SFigure15!I28-SFigure15!E28) -> 0.00354362 | K60: =ABS(SFigure15!M28-SFigure15!E28) -> 0.00252228 | L60: =ABS(SFigure15!E60-SFigure15!E28) -> 0.00333479 | M60: =ABS(SFigure15!I60-SFigure15!E28) -> 0.00218708 | N60: =ABS(SFigure15!E92-SFigure15!E28) -> 0.00273438 | O60: =ABS(SFigure15!I92-SFigure15!E28) -> 0.00182006
A62: AVE | B62: =AVERAGE(B36:B60) -> 0.034963655 | C62: =AVERAGE(C36:C60) -> 0.027158337 | D62: =AVERAGE(D36:D60) -> 0.032750007 | E62: =AVERAGE(E36:E60) -> 0.02364644 | F62: =AVERAGE(F36:F60) -> 0.02844023 | G62: =AVERAGE(G36:G60) -> 0.021508449 | I62: AVE | J62: =AVERAGE(J36:J60) -> 0.0018990368 | K62: =AVERAGE(K36:K60) -> 0.00160369 | L62: =AVERAGE(L36:L60) -> 0.0017649132 | M62: =AVERAGE(M36:M60) -> 0.0013649728 | N62: =AVERAGE(N36:N60) -> 0.0016187692 | O62: =AVERAGE(O36:O60) -> 0.0012576212
A63: MAX | B63: =MAX(B36:B61) -> 0.05208755 | C63: =MAX(C36:C61) -> 0.04989973 | D63: =MAX(D36:D61) -> 0.04747302 | E63: =MAX(E36:E61) -> 0.04512022 | F63: =MAX(F36:F61) -> 0.03891999 | G63: =MAX(G36:G61) -> 0.03961671
D65: S=1 and S=0 Difference
B66: Abs Difference NED N-normalized
A67: Species | B67: LDA | C67: B3LYP | D67: PBE | E67: PBE0 | F67: SCAN | G67: SCAN0
A68: AgCl | B68: =ABS(B36-B4) -> 0.01800249 | C68: =ABS(C36-C4) -> 0.01492963 | D68: =ABS(D36-D4) -> 0.019603 | E68: =ABS(E36-E4) -> 0.01280701 | F68: =ABS(F36-F4) -> 0.0150563 | G68: =ABS(G36-G4) -> 0.01250205
A69: AgF | B69: =ABS(B37-B5) -> 0.01024302 | C69: =ABS(C37-C5) -> 0.01228697 | D69: =ABS(D37-D5) -> 0.00976865 | E69: =ABS(E37-E5) -> 0.01369281 | F69: =ABS(F37-F5) -> 0.01031112 | G69: =ABS(G37-G5) -> 0.01364773
A70: AgH | B70: =ABS(B38-B6) -> 0.00185265 | C70: =ABS(C38-C6) -> 0.00071591 | D70: =ABS(D38-D6) -> 0.00177081 | E70: =ABS(E38-E6) -> 0.00131091 | F70: =ABS(F38-F6) -> 0.00011008 | G70: =ABS(G38-G6) -> 0.00255592
A71: AuCl | B71: =ABS(B39-B7) -> 0.01602024 | C71: =ABS(C39-C7) -> 0.02897775 | D71: =ABS(D39-D7) -> 0.01600027 | E71: =ABS(E39-E7) -> 0.02716058 | F71: =ABS(F39-F7) -> 0.01451788 | G71: =ABS(G39-G7) -> 0.02220216
A72: AuF | B72: =ABS(B40-B8) -> 0.01802198 | C72: =ABS(C40-C8) -> 0.00444256 | D72: =ABS(D40-D8) -> 0.01426638 | E72: =ABS(E40-E8) -> 0.00478138 | F72: =ABS(F40-F8) -> 0.00139739 | G72: =ABS(G40-G8) -> 0.00280322
A73: AuH | B73: =ABS(B41-B9) -> 0.00305351 | C73: =ABS(C41-C9) -> 0.00150803 | D73: =ABS(D41-D9) -> 0.00262911 | E73: =ABS(E41-E9) -> 0.00065675 | F73: =ABS(F41-F9) -> 0.00704613 | G73: =ABS(G41-G9) -> 0.00414365
A74: CdO | B74: =ABS(B42-B10) -> 0.00245099 | C74: =ABS(C42-C10) -> 0.0025243 | D74: =ABS(D42-D10) -> 0.00144526 | E74: =ABS(E42-E10) -> 0.00089287 | F74: =ABS(F42-F10) -> 0.00062052 | G74: =ABS(G42-G10) -> 0.0005539
A75: CdSe | B75: =ABS(B43-B11) -> 0.00252769 | C75: =ABS(C43-C11) -> 0.0020615 | D75: =ABS(D43-D11) -> 0.00228646 | E75: =ABS(E43-E11) -> 0.00188477 | F75: =ABS(F43-F11) -> 0.00150236 | G75: =ABS(G43-G11) -> 0.0013832
A76: CdS | B76: =ABS(B44-B12) -> 0.00367102 | C76: =ABS(C44-C12) -> 0.0027802 | D76: =ABS(D44-D12) -> 0.0031425 | E76: =ABS(E44-E12) -> 0.00250463 | F76: =ABS(F44-F12) -> 0.00189149 | G76: =ABS(G44-G12) -> 0.0017564
A77: CuBr | B77: =ABS(B45-B13) -> 0.01282208 | C77: =ABS(C45-C13) -> 0.01510926 | D77: =ABS(D45-D13) -> 0.01160532 | E77: =ABS(E45-E13) -> 0.00617854 | F77: =ABS(F45-F13) -> 0.01246374 | G77: =ABS(G45-G13) -> 0.0022624
A78: CuCl | B78: =ABS(B46-B14) -> 0.01526835 | C78: =ABS(C46-C14) -> 0.006465 | D78: =ABS(D46-D14) -> 0.02330955 | E78: =ABS(E46-E14) -> 0.00457822 | F78: =ABS(F46-F14) -> 0.0083949 | G78: =ABS(G46-G14) -> 0.00231326
A79: CuF | B79: =ABS(B47-B15) -> 0.00654089 | C79: =ABS(C47-C15) -> 0.00326371 | D79: =ABS(D47-D15) -> 0.00443168 | E79: =ABS(E47-E15) -> 0.00255925 | F79: =ABS(F47-F15) -> 0.00151364 | G79: =ABS(G47-G15) -> 0.00104416
... A92: ZnS | B92: =ABS(B60-B28) -> 0.00230949 | C92: =ABS(C60-C28) -> 0.00141116 | D92: =ABS(D60-D28) -> 0.00182563 | E92: =ABS(E60-E28) -> 0.00127757 | F92: =ABS(F60-F28) -> 0.0008785 | G92: =ABS(G60-G28) -> 0.00085386
A94: AVE | B94: =AVERAGE(B68:B92) -> 0.0068990944 | C94: =AVERAGE(C68:C92) -> 0.0056187016 | D94: =AVERAGE(D68:D92) -> 0.0066254152 | E94: =AVERAGE(E68:E92) -> 0.0047929808 | F94: =AVERAGE(F68:F92) -> 0.004694358 | G94: =AVERAGE(G68:G92) -> 0.0040207868

Sheet SFigure16-17-Data-2
L3: S=0 | M3: S=1 | N3: S=1 - S=0
A4: S=0 | B4: AVE NNED | L4: AVE NNED S=0 | M4: AVE NNED S=1 | N4: AVE Delta-NNED
A5: LDA | B5: 0.0285 | K5: LDA | L5: 0.0285 | M5: 0.035 | N5: 0.0068990944
A6: B3LYP | B6: 0.0217 | K6: B3LYP | L6: 0.0217 | M6: 0.0272 | N6: 0.0056187016
A7: PBE | B7: 0.0265 | K7: PBE | L7: 0.0265 | M7: 0.0328 | N7: 0.0066254152
A8: PBE0 | B8: 0.0189 | K8: PBE0 | L8: 0.0189 | M8: 0.0236 | N8: 0.0047929808 | O8: larger deltaNNED, also marginally better than HF
A9: SCAN | B9: 0.0243 | K9: SCAN | L9: 0.0243 | M9: 0.0284 | N9: 0.004694358
A10: SCAN0 | B10: 0.0178 | K10: SCAN0 | L10: 0.0178 | M10: 0.0215 | N10: 0.0040207868 | O10: is the lowest but, pbe0 gives the "best" marginally mae's
A13: S=1 | B13: AVE NNED
A14: LDA | B14: 0.035
A15: B3LYP | B15: 0.0272
A16: PBE | B16: 0.0328
A17: PBE0 | B17: 0.0236
A18: SCAN | B18: 0.0284
A19: SCAN0 | B19: 0.0215

Sheet SFigure19-Data-1
D1: S=0
B2: Total Frobenius Norm Delta P
A3: Species | B3: LDA | C3: B3LYP | D3: PBE | E3: PBE0 | F3: SCAN | G3: SCAN0
A4: AgCl | B4: 0.56819773 | C4: 0.42861283 | D4: 0.52864195 | E4: 0.35828181 | F4: 0.46970965 | G4: 0.32713151
A5: AgF | B5: 0.60555819 | C5: 0.45648666 | D5: 0.58700349 | E5: 0.3961694 | F5: 0.53206667 | G5: 0.36269084
A6: AgH | B6: 0.55341018 | C6: 0.41502713 | D6: 0.50607882 | E6: 0.36476698 | F6: 0.49220642 | G6: 0.36353122
A7: AuCl | B7: 0.57233165 | C7: 0.43685922 | D7: 0.53246412 | E7: 0.37988429 | F7: 0.52541107 | G7: 0.38547746
A8: AuF | B8: 0.60719056 | C8: 0.46767002 | D8: 0.58651814 | E8: 0.42007373 | F8: 0.58309406 | G8: 0.42239065
A9: AuH | B9: 0.47006214 | C9: 0.35000718 | D9: 0.42679191 | E9: 0.31848939 | F9: 0.43521421 | G9: 0.33631503
A10: CdO | B10: 0.52350002 | C10: 0.38158164 | D10: 0.49675651 | E10: 0.35525587 | F10: 0.44316895 | G10: 0.3243291
A11: CdSe | B11: 0.45347602 | C11: 0.36378892 | D11: 0.41104824 | E11: 0.29857699 | F11: 0.40621853 | G11: 0.30109492
A12: CdS | B12: 0.4443519 | C12: 0.35680114 | D12: 0.40416287 | E12: 0.29218345 | F12: 0.38888881 | G12: 0.28735426
A13: CuBr | B13: 0.63488964 | C13: 0.49482329 | D13: 0.62871529 | E13: 0.41944505 | F13: 0.56873254 | G13: 0.38494116
A14: CuCl | B14: 0.6221714 | C14: 0.48421074 | D14: 0.61983499 | E14: 0.4135686 | F14: 0.56160175 | G14: 0.3786319
A15: CuF | B15: 0.691551 | C15: 0.54754302 | D15: 0.71251788 | E15: 0.48167881 | F15: 0.67116149 | G15: 0.45123096
... A28: ZnS | B28: 0.46919423 | C28: 0.3840215 | D28: 0.44557677 | E28: 0.31689177 | F28: 0.41372009 | G28: 0.2984745
